Name,Price,Rating,Total_Reviews,Processor,RAM,Operating_System,Storage,Display_Size,Microsoft_365_Subscription,Warranty
Samsung Galaxy Book4 Metal Intel Core i3 13th Gen 1315U - (8 GB/512 GB SSD/Windows 11 Home) NP750XGJ-L...,"₹49,990",4.4,"1,276 Reviews",Intel Core i3 Processor (13th Gen),8 GB LPDDR4X RAM,64 bit Windows 11 Operating System,512 GB SSD,39.62 cm (15.6 Inch) Display,,1 Year Onsite Warranty
Apple Macbook Neo A18 Pro(2026) A18 Pro - (8 GB/512 GB SSD/Tahoe) MHFC4HN/A,"₹82,990",4.7,82 Reviews,Apple A18 Pro Processor,8 GB Unified Memory RAM,Mac OS Operating System,512 GB SSD,33.02 cm (13 inch) Display,,1 Year Limited Warranty
Acer Aspire 14 AMD Ryzen 3 3200U - (8 GB/256 GB SSD/Windows 11 Home) AS14-39 Notebook,"₹29,990",,,AMD Ryzen 3 Processor,8 GB DDR4 RAM,64 bit Windows 11 Home Operating System,256 GB SSD,35.56 cm (14 inch) Display,,
DELL 15 (Previouly Inspiron) AMD Ryzen 5 Quad Core 7520U - (8 GB/512 GB SSD/Windows 11 Home) DC15255 /...,"₹52,064",4.2,1 Reviews,AMD Ryzen 5 Quad Core Processor,8 GB LPDDR5 RAM,Windows 11 Operating System,512 GB SSD,38.1 cm (15 Inch) Display,,1 Year Onsite Warranty
HP 15 (i5 14th Gen) Intel Core 5 120U - (24 GB/512 GB SSD/Windows 11 Home) 15-fd0262TU Thin and Light ...,"₹81,691",4.2,15 Reviews,Intel Core 5 Processor,24 GB DDR5 RAM,Windows 11 Home Operating System,512 GB SSD,39.62 cm (15.6 inch) Display,Microsoft Office Home 2024 (Lifetime Validity ) + Microsoft 365(1-Year Validity),
Apple Macbook Neo A18 Pro(2026) A18 Pro - (8 GB/256 GB SSD/Tahoe) MHFA4HN/A,"₹72,990",4.7,82 Reviews,Apple A18 Pro Processor,8 GB Unified Memory RAM,Mac OS Operating System,256 GB SSD,33.02 cm (13 inch) Display,,1 Year Limited Warranty
DELL Alienware 15 AMD Ryzen 7 260 - (16 GB/512 GB SSD/Windows 11 Home/6 GB Graphics/NVIDIA GeForce RTX...,"₹1,34,990",4.7,2 Reviews,AMD Ryzen 7 Processor,16 GB DDR5 RAM,Windows 11 Home Operating System,512 GB SSD,38.1 cm (15 inch) Display,,
ASUS TUF Gaming A16 (2026) AMD Ryzen 7 170 - (8 GB/512 GB SSD/Windows 11 Home/6 GB Graphics/NVIDIA GeF...,"₹1,29,990",4.5,1 Reviews,AMD Ryzen 7 Processor,8 GB DDR5 RAM,Windows 11 Home Operating System,512 GB SSD,40.64 cm (16 inch) Display,,
ASUS Vivobook Go 14 (2026) with Office 2024 + M365 Basic AMD Ryzen 3 Quad Core 30 - (8 GB/512 GB SSD/W...,"₹55,650",4.3,183 Reviews,AMD Ryzen 3 Quad Core Processor,8 GB LPDDR5 RAM,Windows 11 Home Operating System,512 GB SSD,35.56 cm (14 inch) Display,"MSO 2024 for lifetime + Microsoft 365 Basic with 100GB Cloud Storage for 1 Year, One-Month Membership of Adobe Creative Cloud All Apps, McAfee 1 year",1 Year Onsite Warranty
DELL 15 (Previously Inspiron) (2025) Microsoft Office Home 2024 AMD Ryzen 5 Hexa Core 7530U - (16 GB/5...,"₹59,990",4.3,317 Reviews,AMD Ryzen 5 Hexa Core Processor,16 GB DDR4 RAM,Windows 11 Operating System,512 GB SSD,39.62 cm (15.6 Inch) Display,Microsoft Office Home 2024 | Dell Support Assist,1 Year Onsite Warranty
"ASUS Vivobook 14 (2025) with Office 2024 + M365 Basic*, Backlit Keyboard, Snapdragon X - (16 GB/512 GB...","₹58,990",4.4,78 Reviews,Snapdragon X Processor,16 GB LPDDR5X RAM,Windows 11 Home Operating System,512 GB SSD,35.56 cm (14 Inch) Display,"Microsoft Office Home 2024 (Lifetime Validity ) + Microsoft 365 Basic*(1-Year Validity), One-Month Membership of Adobe Creative Cloud All Apps",1 Year Onsite Warranty
MOTOROLA Motobook 60 Pro Full Metal AI PC WUXGA OLED Intel Core Ultra 5 225H - (16 GB/512 GB SSD/Windo...,"₹72,990",4.5,113 Reviews,Intel Core Ultra 5 Processor,16 GB DDR5 RAM,64 bit Windows 11 Operating System,512 GB SSD,35.56 cm (14 inch) Display,,
Acer Aspire 3 (i3 14th Gen) Intel Core 3 100U - (8 GB/512 GB SSD/Windows 11 Home) A324-53 Notebook,"₹42,990",4.4,7 Reviews,Intel Core 3 Processor,8 GB DDR4 RAM,64 bit Windows 11 Home Operating System,512 GB SSD,35.56 cm (14 inch) Display,MSO,
Acer Chromebook MediaTek Kompanio 540 - (4 GB/128 GB EMMC Storage/Chrome OS) CB315-8H Chromebook,"₹29,990",,,MediaTek MediaTek Kompanio 540 Processor,4 GB LPDDR5X RAM,64 bit Chrome Operating System,,39.62 cm (15.6 inch) Display,,
Acer Aspire 3 AMD Ryzen 3 5400U - (8 GB/512 GB SSD/Windows 11 Home) A325-42 Notebook,"₹45,990",3.4,2 Reviews,AMD Ryzen 3 Processor,8 GB DDR4 RAM,64 bit Windows 11 Home Operating System,512 GB SSD,39.62 cm (15.6 inch) Display,,
"ASUS Vivobook 15 (2025) (i5 14th Gen) with MSO 2024 + M365 Basic*, Backlit Keyboard, Intel Core 5 120U...","₹71,500",4.3,142 Reviews,Intel Core 5 Processor,16 GB DDR4 RAM,Windows 11 Home Operating System,512 GB SSD,39.62 cm (15.6 Inch) Display,"Microsoft Office Home 2024 (Lifetime Validity ) + Microsoft 365 Basic*(1-Year Validity), One-Month Membership of Adobe Creative Cloud All Apps, McAfee 1 year",1 Year Onsite Warranty
Lenovo IdeaPad Slim 3 with 1Yr ADP Snapdragon X - (16 GB/1 TB SSD/Windows 11 Home) 15Q8X10 Thin and Li...,"₹66,990",4.2,5 Reviews,Snapdragon X Processor,16 GB LPDDR5X RAM,Windows 11 Home Operating System,1 TB SSD,38.86 cm (15.3 inch) Display,,
"ASUS Vivobook 14 (2025) with Office 2024 + M365 Basic*, Backlit Keyboard, Snapdragon X - (16 GB/512 GB...","₹58,990",4.4,78 Reviews,Snapdragon X Processor,16 GB LPDDR5X RAM,Windows 11 Home Operating System,512 GB SSD,35.56 cm (14 Inch) Display,"Microsoft Office Home 2024 (Lifetime Validity ) + Microsoft 365 Basic*(1-Year Validity), One-Month Membership of Adobe Creative Cloud All Apps",1 Year Onsite Warranty
ASUS ROG Zephyrus G16 OLED (2026) Intel Core Ultra 9 386H - (32 GB/2 TB SSD/Windows 11 Home/12 GB Grap...,"₹4,89,990",,,Intel Core Ultra 9 Processor,32 GB LPDDR5X RAM,Windows 11 Home Operating System,2 TB SSD,40.64 cm (16 inch) Display,"Microsoft Office Home 2024 (Lifetime Validity ) + Microsoft 365 Basic with 100GB Cloud Storage for 1 Year, McAfee 1 year, Xbox Game Pass for 2 months",
ASUS TUF Gaming A15 (2026) AMD Ryzen 7 170 - (16 GB/512 GB SSD/Windows 11 Home/4 GB Graphics/NVIDIA Ge...,"₹73,490",4.4,198 Reviews,AMD Ryzen 7 Processor,16 GB DDR5 RAM,Windows 11 Home Operating System,512 GB SSD,39.62 cm (15.6 inch) Display,,
"Apple MacBook Air (M5, 2026) M5 - (16 GB/512 GB SSD/Tahoe) MDHA4HN/A","₹1,40,990",4.7,135 Reviews,Apple M5 Processor,16 GB Unified Memory RAM,Mac OS Operating System,512 GB SSD,34.54 cm (13.6 inch) Display,,1 Year Limited Warranty
Apple Macbook Neo A18 Pro(2026) A18 Pro - (8 GB/512 GB SSD/Tahoe) MHFE4HN/A,"₹82,990",4.7,82 Reviews,Apple A18 Pro Processor,8 GB Unified Memory RAM,Mac OS Operating System,512 GB SSD,33.02 cm (13 inch) Display,,1 Year Limited Warranty
ASUS Vivobook 15 (2025) with Office 2024 + M365 Basic* Intel Core i3 13th Gen - (8 GB/512 GB SSD/Windo...,"₹43,990",4.3,116 Reviews,Intel Core i3 Processor (13th Gen),8 GB DDR5 RAM,Windows 11 Home Operating System,512 GB SSD,39.62 cm (15.6 Inch) Display,Microsoft Office Home 2024 + Microsoft 365 Basic,1 Year Onsite Warranty
"Acer Aspire 15 MS Office 2024 + M365 Basic, AMD Ryzen 3 Quad Core 7330U - (8 GB/256 GB SSD/Windows 11 ...","₹35,990",3.8,9 Reviews,AMD Ryzen 3 Quad Core Processor,8 GB DDR4 RAM,64 bit Windows 11 Home Operating System,256 GB SSD,39.62 cm (15.6 inch) Display,MSO,
Acer Aspire 7 (i5 14th Gen) Intel Core 5 210H - (16 GB/512 GB SSD/Windows 11 Home/6 GB Graphics/NVIDIA...,"₹83,990",4.2,25 Reviews,Intel Core 5 Processor,16 GB DDR4 RAM,64 bit Windows 11 Home Operating System,512 GB SSD,39.62 cm (15.6 Inch) Display,,1 Year Warranty
HP 15 G10 (2025) AMD Athlon Dual Core 7120U - (8 GB/256 GB SSD/Windows 11 Home) 15 G10 Thin and Light ...,"₹45,772",4,40 Reviews,AMD Athlon Dual Core Processor,8 GB DDR4 RAM,64 bit Windows 11 Home Operating System,256 GB SSD,39.62 cm (15.6 Inch) Display,"Microsoft Office 2021, Windows 11 Home",1 Year Onsite Warranty
Samsung Galaxy Book4 Metal Intel Core i3 13th Gen 1315U - (8 GB/512 GB SSD/Windows 11 Home) NP750XGJ-L...,"₹49,990",4.4,"1,276 Reviews",Intel Core i3 Processor (13th Gen),8 GB LPDDR4X RAM,64 bit Windows 11 Operating System,512 GB SSD,39.62 cm (15.6 Inch) Display,,1 Year Onsite Warranty
Apple Macbook Neo A18 Pro(2026) A18 Pro - (8 GB/512 GB SSD/Tahoe) MHFC4HN/A,"₹82,990",4.7,82 Reviews,Apple A18 Pro Processor,8 GB Unified Memory RAM,Mac OS Operating System,512 GB SSD,33.02 cm (13 inch) Display,,1 Year Limited Warranty
Lenovo Chromebook 11IJL9 Intel Celeron Dual Core N4500 - (4 GB/64 GB EMMC Storage/Chrome OS) Chromeboo...,"₹13,999",3.9,24 Reviews,Intel Celeron Dual Core Processor,4 GB LPDDR4X RAM,Chrome Operating System,,29.46 cm (11.6 Inch) Display,,1 Year Onsite Warranty
"ASUS Vivobook 14 (2025) with Office 2024 + M365 Basic*, Backlit Keyboard, Snapdragon X - (16 GB/512 GB...","₹58,990",4.4,78 Reviews,Snapdragon X Processor,16 GB LPDDR5X RAM,Windows 11 Home Operating System,512 GB SSD,35.56 cm (14 Inch) Display,"Microsoft Office Home 2024 (Lifetime Validity ) + Microsoft 365 Basic*(1-Year Validity), One-Month Membership of Adobe Creative Cloud All Apps",1 Year Onsite Warranty
Apple Macbook Neo A18 Pro(2026) A18 Pro - (8 GB/256 GB SSD/Tahoe) MHFA4HN/A,"₹72,990",4.7,82 Reviews,Apple A18 Pro Processor,8 GB Unified Memory RAM,Mac OS Operating System,256 GB SSD,33.02 cm (13 inch) Display,,1 Year Limited Warranty
"ASUS Vivobook 14 (2025) with Office 2024 + M365 Basic*, Backlit Keyboard, Snapdragon X - (16 GB/512 GB...","₹58,990",4.4,78 Reviews,Snapdragon X Processor,16 GB LPDDR5X RAM,Windows 11 Home Operating System,512 GB SSD,35.56 cm (14 Inch) Display,"Microsoft Office Home 2024 (Lifetime Validity ) + Microsoft 365 Basic*(1-Year Validity), One-Month Membership of Adobe Creative Cloud All Apps",1 Year Onsite Warranty
Acer Aspire 15 AMD Office 2024 + M365 Basic AMD Ryzen 5 Hexa Core 7430U - (16 GB/512 GB SSD/Windows 11...,"₹54,990",4.2,421 Reviews,AMD Ryzen 5 Hexa Core Processor,16 GB DDR4 RAM,64 bit Windows 11 Operating System,512 GB SSD,39.62 cm (15.6 Inch) Display,,1 Year Carry-in Warranty
Samsung Galaxy Book4 Metal Intel Core i5 13th Gen 1335U - (16 GB/512 GB SSD/Windows 11 Home) NP750XGJ ...,"₹64,990",4.5,"2,145 Reviews",Intel Core i5 Processor (13th Gen),16 GB LPDDR4X RAM,64 bit Windows 11 Operating System,512 GB SSD,39.62 cm (15.6 Inch) Display,,1 Year Manufacturer Warranty for Laptop and 6 Months for In-Box Accessories
Lenovo IdeaPad Slim 3 WUXGA IPS with 1Yr ADP Intel Core i5 13th Gen 13420H - (16 GB/512 GB SSD/Windows...,"₹69,990",4.3,33 Reviews,Intel Core i5 Processor (13th Gen),16 GB DDR5 RAM,Windows 11 Home Operating System,512 GB SSD,38.86 cm (15.3 inch) Display,,1 Year Carry-in Warranty
Lenovo LQQ Essential AMD Ryzen 7 Octa Core 7735HS - (16 GB/512 GB SSD/Windows 11 Home/6 GB Graphics/NV...,"₹1,04,990",4.5,2 Reviews,AMD Ryzen 7 Octa Core Processor,16 GB DDR5 RAM,Windows 11 Home Operating System,512 GB SSD,39.62 cm (15.6 inch) Display,,
MOTOROLA Motobook 60 Pro Full Metal AI PC WUXGA OLED Intel Core Ultra 5 225H - (16 GB/512 GB SSD/Windo...,"₹72,990",4.5,113 Reviews,Intel Core Ultra 5 Processor,16 GB DDR5 RAM,64 bit Windows 11 Operating System,512 GB SSD,35.56 cm (14 inch) Display,,
"ASUS Vivobook 14 (2025) with Office 2024 + M365 Basic*, Backlit Keyboard, Snapdragon X - (16 GB/512 GB...","₹58,990",4.4,78 Reviews,Snapdragon X Processor,16 GB LPDDR5X RAM,Windows 11 Home Operating System,512 GB SSD,35.56 cm (14 Inch) Display,"Microsoft Office Home 2024 (Lifetime Validity ) + Microsoft 365 Basic*(1-Year Validity), One-Month Membership of Adobe Creative Cloud All Apps",1 Year Onsite Warranty
Primebook 2 Pro (2025) in-Built AI MediaTek Helio G99 (MT8781) - (8 GB/128 GB/Android 15) PBG9914128#4...,"₹26,990",4.4,574 Reviews,MediaTek Helio G99 (MT8781) Processor,8 GB LPDDR4X RAM,64 bit Android Operating System,,35.81 cm (14.1 Inch) Display,,1 Year Onsite Warranty
Acer One 14 AMD Ryzen 3 Quad Core 7320U - (8 GB/256 GB SSD/Windows 11 Home) A114-43 Thin and Light Lap...,"₹36,990",4,71 Reviews,AMD Ryzen 3 Quad Core Processor,8 GB LPDDR5 RAM,64 bit Windows 11 Operating System,256 GB SSD,35.56 cm (14 Inch) Display,,1 Year International Travelers Warranty (ITW)
"Apple MacBook Air (M5, 2026) M5 - (16 GB/512 GB SSD/Tahoe) MDHA4HN/A","₹1,40,990",4.7,135 Reviews,Apple M5 Processor,16 GB Unified Memory RAM,Mac OS Operating System,512 GB SSD,34.54 cm (13.6 inch) Display,,1 Year Limited Warranty
Apple Macbook Neo A18 Pro(2026) A18 Pro - (8 GB/512 GB SSD/Tahoe) MHFE4HN/A,"₹82,990",4.7,82 Reviews,Apple A18 Pro Processor,8 GB Unified Memory RAM,Mac OS Operating System,512 GB SSD,33.02 cm (13 inch) Display,,1 Year Limited Warranty
Lenovo IdeaPad Slim 3 with 1Yr ADP Intel Core i3 13th Gen 1315U - (8 GB/512 GB SSD/Windows 11 Home) 15...,"₹52,990",4.4,4 Reviews,Intel Core i3 Processor (13th Gen),8 GB LPDDR5 RAM,Windows 11 Home Operating System,512 GB SSD,39.62 cm (15.6 Inch) Display,,1 Year Onsite Warranty
Acer Predator Helios Neo 16S AI Intel Core Ultra 7 255HX - (16 GB/1 TB SSD/Windows 11 Home/8 GB Graphi...,"₹1,71,990",4.3,4 Reviews,Intel Core Ultra 7 Processor,16 GB DDR5 RAM,64 bit Windows 11 Home Operating System,1 TB SSD,40.64 cm (16 Inch) Display,,1 Year Warranty
HP AMD Ryzen 5 Quad Core 7520U - (16 GB/512 GB SSD/Windows 11 Home) 15-fc0156AU / 15-fc0690AU Thin and...,"₹54,290",4.2,42 Reviews,AMD Ryzen 5 Quad Core Processor,16 GB LPDDR5 RAM,Windows 11 Operating System,512 GB SSD,39.62 cm (15.6 Inch) Display,,1 Year Onsite Warranty
MSI Modern 14 Intel Core i3 13th Gen 1315U - (8 GB/512 GB SSD/Windows 11 Home) 14 C13M-115IN / 14 C13M...,"₹44,990",4.4,33 Reviews,Intel Core i3 Processor (13th Gen),8 GB DDR4 RAM,Windows 11 Operating System,512 GB SSD,35.56 cm (14 Inch) Display,,1 Year Carry-in Warranty
Apple Macbook Neo A18 Pro(2026) A18 Pro - (8 GB/256 GB SSD/Tahoe) MHFH4HN/A,"₹72,990",4.7,82 Reviews,Apple A18 Pro Processor,8 GB Unified Memory RAM,Mac OS Operating System,256 GB SSD,33.02 cm (13 inch) Display,,1 Year Limited Warranty
MOTOROLA Motobook 60 Pro Full Metal AI PC 2.8K OLED Intel Core Ultra 5 225H - (16 GB/512 GB SSD/Window...,"₹77,990",4.5,113 Reviews,Intel Core Ultra 5 Processor,16 GB DDR5 RAM,64 bit Windows 11 Operating System,512 GB SSD,35.56 cm (14 inch) Display,,1 Year Onsite Warranty
Lenovo IdeaPad Slim 3 with 1Yr ADP Snapdragon X - (16 GB/1 TB SSD/Windows 11 Home) 15Q8X10 Thin and Li...,"₹98,880",4.2,5 Reviews,Snapdragon X Processor,16 GB LPDDR5X RAM,Windows 11 Home Operating System,1 TB SSD,38.86 cm (15.3 inch) Display,,
HP MS Office 2024 Intel Core i5 13th Gen 13420H - (16 GB/512 GB SSD/Windows 11 Home) 15-fr0045TU Thin ...,"₹65,990",4.2,112 Reviews,Intel Core i5 Processor (13th Gen),16 GB DDR4 RAM,Windows 11 Home Operating System,512 GB SSD,39.62 cm (15.6 inch) Display,MS Office Home 2024 + MISC PC Game Pass DA 3M,1 Year Carry-in Warranty
Samsung Galaxy Book4 Metal Intel Core i3 13th Gen 1315U - (8 GB/512 GB SSD/Windows 11 Home) NP750XGJ-L...,"₹49,990",4.4,"1,276 Reviews",Intel Core i3 Processor (13th Gen),8 GB LPDDR4X RAM,64 bit Windows 11 Operating System,512 GB SSD,39.62 cm (15.6 Inch) Display,,1 Year Onsite Warranty
Apple Macbook Neo A18 Pro(2026) A18 Pro - (8 GB/512 GB SSD/Tahoe) MHFC4HN/A,"₹82,990",4.7,82 Reviews,Apple A18 Pro Processor,8 GB Unified Memory RAM,Mac OS Operating System,512 GB SSD,33.02 cm (13 inch) Display,,1 Year Limited Warranty
HP OMEN 16 Intel Core Ultra 7 255 H - (24 GB/1 TB SSD/Windows 11 Home/8 GB Graphics/NVIDIA GeForce RTX...,"₹1,52,490",4.4,0 Reviews,Intel Core Ultra 7 Processor,24 GB DDR5 RAM,Windows 11 Operating System,1 TB SSD,40.64 cm (16 inch) Display,,
Acer Intel Celeron Dual Core N4500 - (8 GB/128 GB SSD/Windows 11 Home) A311-45 Notebook,"₹24,990",,,Intel Celeron Dual Core Processor,8 GB DDR4 RAM,64 bit Windows 11 Home Operating System,128 GB SSD,29.46 cm (11.6 inch) Display,,
"ASUS Vivobook S16 OLED (2025) with Backlit Keyboard, Metal Body*, Snapdragon X - (16 GB/512 GB SSD/Win...","₹72,990",4.5,150 Reviews,Snapdragon X Processor,16 GB LPDDR5X RAM,Windows 11 Home Operating System,512 GB SSD,40.64 cm (16 Inch) Display,"Microsoft Office Home 2024 (Lifetime Validity ) + Microsoft 365 Basic*(1-Year Validity), One-Month Membership of Adobe Creative Cloud All Apps",1 Year Onsite Warranty
Acer Aspire 3 Intel Pentium Quad Core N6000 - (12 GB/512 GB SSD/Windows 11 Home) A325-45 Thin and Ligh...,"₹43,990",3.9,323 Reviews,Intel Pentium Quad Core Processor,12 GB LPDDR4X RAM,Windows 11 Home Operating System,512 GB SSD,39.62 cm (15.6 Inch) Display,,1 Year International Travelers Warranty (ITW)
Apple Macbook Neo A18 Pro(2026) A18 Pro - (8 GB/256 GB SSD/Tahoe) MHFA4HN/A,"₹72,990",4.7,82 Reviews,Apple A18 Pro Processor,8 GB Unified Memory RAM,Mac OS Operating System,256 GB SSD,33.02 cm (13 inch) Display,,1 Year Limited Warranty
"ASUS Vivobook 14 (2025) with Office 2024 + M365 Basic*, Backlit Keyboard, Snapdragon X - (16 GB/512 GB...","₹58,990",4.4,78 Reviews,Snapdragon X Processor,16 GB LPDDR5X RAM,Windows 11 Home Operating System,512 GB SSD,35.56 cm (14 Inch) Display,"Microsoft Office Home 2024 (Lifetime Validity ) + Microsoft 365 Basic*(1-Year Validity), One-Month Membership of Adobe Creative Cloud All Apps",1 Year Onsite Warranty
Lenovo LOQ 2025 Intel Core i7 13th Gen 13645HX - (16 GB/1 TB SSD/Windows 11 Home/8 GB Graphics/NVIDIA ...,"₹1,29,990",4.5,29 Reviews,Intel Core i7 Processor (13th Gen),16 GB DDR5 RAM,Windows 11 Home Operating System,1 TB SSD,39.62 cm (15.6 inch) Display,,
Acer Aspire 3 Intel Core i3 13th Gen 1305U - (8 GB/512 GB SSD/Windows 11 Home) A324-53 Thin and Light ...,"₹54,512",4.3,290 Reviews,Intel Core i3 Processor (13th Gen),8 GB DDR4 RAM,64 bit Windows 11 Operating System,512 GB SSD,35.56 cm (14 Inch) Display,,1 Year Carry-in Warranty
MOTOROLA Motobook 60 Pro Full Metal AI PC WUXGA OLED Intel Core Ultra 5 225H - (16 GB/512 GB SSD/Windo...,"₹72,990",4.5,113 Reviews,Intel Core Ultra 5 Processor,16 GB DDR5 RAM,64 bit Windows 11 Operating System,512 GB SSD,35.56 cm (14 inch) Display,,
"ASUS Vivobook 14 (2025) with Office 2024 + M365 Basic*, Backlit Keyboard, Snapdragon X - (16 GB/512 GB...","₹58,990",4.4,78 Reviews,Snapdragon X Processor,16 GB LPDDR5X RAM,Windows 11 Home Operating System,512 GB SSD,35.56 cm (14 Inch) Display,"Microsoft Office Home 2024 (Lifetime Validity ) + Microsoft 365 Basic*(1-Year Validity), One-Month Membership of Adobe Creative Cloud All Apps",1 Year Onsite Warranty
HP Victus (i5 14th Gen) Intel Core 5 210 H - (24 GB/512 GB SSD/Windows 11 Home/6 GB Graphics/NVIDIA Ge...,"₹92,990",4.3,3 Reviews,Intel Core 5 Processor,24 GB DDR5 RAM,Windows 11 Home Operating System,512 GB SSD,39.62 cm (15.6 inch) Display,MS Office Home 2024 + MISC PC Game Pass DA 3M,
Acer Aspire Lite AMD Ryzen 3 Quad Core 5300U - (16 GB/512 GB SSD/Windows 11 Home) AL15-41 Thin and Lig...,"₹53,541",4.1,142 Reviews,AMD Ryzen 3 Quad Core Processor,16 GB DDR4 RAM,Windows 11 Operating System,512 GB SSD,39.62 cm (15.6 Inch) Display,,1 Year Carry-in Warranty
"ASUS Vivobook S16 OLED (2025) with Backlit Keyboard, Metal Body*, Snapdragon X - (16 GB/512 GB SSD/Win...","₹72,990",4.5,150 Reviews,Snapdragon X Processor,16 GB LPDDR5X RAM,Windows 11 Home Operating System,512 GB SSD,40.64 cm (16 Inch) Display,"Microsoft Office Home 2024 (Lifetime Validity ) + Microsoft 365 Basic*(1-Year Validity), One-Month Membership of Adobe Creative Cloud All Apps",1 Year Onsite Warranty
Samsung Galaxy Book4 Metal Intel Core i7 13th Gen 1355U - (16 GB/512 GB SSD/Windows 11 Home) NP750XGJ-...,"₹70,990",4.4,522 Reviews,Intel Core i7 Processor (13th Gen),16 GB LPDDR4X RAM,64 bit Windows 11 Operating System,512 GB SSD,39.62 cm (15.6 Inch) Display,,1 Year Manufacturer Warranty for Laptop and 6 Months for In-Box Accessories
"Apple MacBook Air (M5, 2026) M5 - (16 GB/512 GB SSD/Tahoe) MDHA4HN/A","₹1,40,990",4.7,135 Reviews,Apple M5 Processor,16 GB Unified Memory RAM,Mac OS Operating System,512 GB SSD,34.54 cm (13.6 inch) Display,,1 Year Limited Warranty
Apple Macbook Neo A18 Pro(2026) A18 Pro - (8 GB/512 GB SSD/Tahoe) MHFE4HN/A,"₹82,990",4.7,82 Reviews,Apple A18 Pro Processor,8 GB Unified Memory RAM,Mac OS Operating System,512 GB SSD,33.02 cm (13 inch) Display,,1 Year Limited Warranty
ASUS ExpertBook P1 (i3 14th Gen) with 1 Yr ADP Intel Core 3 14th Gen 100U - (8 GB/512 GB SSD/Windows 1...,"₹51,990",4.3,660 Reviews,Intel Core 3 Processor (14th Gen),8 GB DDR5 RAM,64 bit Windows 11 Home Operating System,512 GB SSD,39.62 cm (15.6 Inch) Display,,1 Year Limited Warranty
ASUS Vivobook 15 (2026) with Office 2024 + M365 Basic(i3 14th Gen) Intel Core 3 14th Gen 100U - (8 GB/...,"₹52,990",4.3,1 Reviews,Intel Core 3 Processor (14th Gen),8 GB DDR5 RAM,Windows 11 Home Operating System,512 GB SSD,39.62 cm (15.6 inch) Display,"Microsoft Office Home 2024 (Lifetime Validity ) + Microsoft 365 Basic(1-Year Validity), One-Month Membership of Adobe Creative Cloud All Apps, McAfee 1 year",
Apple Macbook Neo A18 Pro(2026) A18 Pro - (8 GB/256 GB SSD/Tahoe) MHFH4HN/A,"₹72,990",4.7,82 Reviews,Apple A18 Pro Processor,8 GB Unified Memory RAM,Mac OS Operating System,256 GB SSD,33.02 cm (13 inch) Display,,1 Year Limited Warranty
MOTOROLA Motobook 60 Pro Full Metal AI PC 2.8K OLED Intel Core Ultra 5 225H - (16 GB/512 GB SSD/Window...,"₹77,990",4.5,113 Reviews,Intel Core Ultra 5 Processor,16 GB DDR5 RAM,64 bit Windows 11 Operating System,512 GB SSD,35.56 cm (14 inch) Display,,1 Year Onsite Warranty
Acer Aspire AMD Ryzen 5 Hexa Core 7430U - (16 GB/1 TB SSD/Windows 11 Home) AS15-42 Thin and Light Lapt...,"₹59,990",4.2,421 Reviews,AMD Ryzen 5 Hexa Core Processor,16 GB DDR4 RAM,64 bit Windows 11 Home Operating System,1 TB SSD,39.62 cm (15.6 Inch) Display,,1 Year Warranty
HP Victus(i5 14th Gen) Intel Core 5 210H - (24 GB/512 GB SSD/Windows 11 Home/4 GB Graphics/NVIDIA GeFo...,"₹84,990",4.2,10 Reviews,Intel Core 5 Processor,24 GB DDR5 RAM,Windows 11 Home Operating System,512 GB SSD,39.62 cm (15.6 inch) Display,MS Office Home 2024 + MISC PC Game Pass DA 3M,
HP 15 (i5 14th Gen) Intel Core 5 120U - (16 GB/512 GB SSD/Windows 11 Home) 15-fd0664TU / 15-fd0682TU T...,"₹69,490",4.2,15 Reviews,Intel Core 5 Processor,16 GB DDR5 RAM,Windows 11 Home Operating System,512 GB SSD,39.62 cm (15.6 Inch) Display,MS Office Home 2024 + MISC PC Game Pass DA 3M,1 Year Onsite Warranty
"ASUS Vivobook 15 (2026) with Office 2024 + M365 Basic*, AMD Ryzen 7 Octa Core 170 - (16 GB/512 GB SSD/...","₹68,990",4.5,7 Reviews,AMD Ryzen 7 Octa Core Processor,16 GB DDR5 RAM,Windows 11 Home Operating System,512 GB SSD,39.62 cm (15.6 inch) Display,"MSO 2024 for lifetime + Microsoft 365 Basic with 100GB Cloud Storage for 1 Year, One-Month Membership of Adobe Creative Cloud All Apps, McAfee 1 year",1 Year Onsite Warranty
Samsung Galaxy Book4 Metal Intel Core i3 13th Gen 1315U - (8 GB/512 GB SSD/Windows 11 Home) NP750XGJ-L...,"₹49,990",4.4,"1,276 Reviews",Intel Core i3 Processor (13th Gen),8 GB LPDDR4X RAM,64 bit Windows 11 Operating System,512 GB SSD,39.62 cm (15.6 Inch) Display,,1 Year Onsite Warranty
Apple Macbook Neo A18 Pro(2026) A18 Pro - (8 GB/512 GB SSD/Tahoe) MHFC4HN/A,"₹82,990",4.7,82 Reviews,Apple A18 Pro Processor,8 GB Unified Memory RAM,Mac OS Operating System,512 GB SSD,33.02 cm (13 inch) Display,,1 Year Limited Warranty
ASUS ExpertBook P3 AI PC with 1 Yr ADP Intel Core Ultra 5 225H - (16 GB/512 GB SSD/Windows 11 Home) P3...,"₹87,925",4.3,18 Reviews,Intel Core Ultra 5 Processor,16 GB DDR5 RAM,Windows 11 Home Operating System,512 GB SSD,35.56 cm (14 inch) Display,Microsoft Office Home 2024 + Microsoft 365 Basic,
"ASUS Vivobook 15 (2025) with Office 2024 + M365 Basic*, Backlit Keyboard, Intel Core i3 13th Gen 1315U...","₹56,928",4.3,115 Reviews,Intel Core i3 Processor (13th Gen),16 GB DDR5 RAM,Windows 11 Home Operating System,512 GB SSD,39.62 cm (15.6 Inch) Display,"Microsoft Office Home 2024 (Lifetime Validity ) + Microsoft 365 Basic*(1-Year Validity), One-Month Membership of Adobe Creative Cloud All Apps, McAfee 1 year",1 Year Onsite Warranty
Apple Macbook Neo A18 Pro(2026) A18 Pro - (8 GB/256 GB SSD/Tahoe) MHFA4HN/A,"₹72,990",4.7,82 Reviews,Apple A18 Pro Processor,8 GB Unified Memory RAM,Mac OS Operating System,256 GB SSD,33.02 cm (13 inch) Display,,1 Year Limited Warranty
"ASUS Vivobook 14 (2025) with Office 2024 + M365 Basic*, Backlit Keyboard, Snapdragon X - (16 GB/512 GB...","₹58,990",4.4,78 Reviews,Snapdragon X Processor,16 GB LPDDR5X RAM,Windows 11 Home Operating System,512 GB SSD,35.56 cm (14 Inch) Display,"Microsoft Office Home 2024 (Lifetime Validity ) + Microsoft 365 Basic*(1-Year Validity), One-Month Membership of Adobe Creative Cloud All Apps",1 Year Onsite Warranty
Acer Aspire 15 AMD Ryzen 3 Quad Core 7330U - (8 GB/512 GB SSD/Windows 11 Home) AS15 42 / A325 42 Thin ...,"₹41,990",4.1,129 Reviews,AMD Ryzen 3 Quad Core Processor,8 GB DDR4 RAM,Windows 11 Operating System,512 GB SSD,39.62 cm (15.6 Inch) Display,,1 Year Carry-in Warranty
ASUS Vivobook S14 (2025)(i5 14th Gen) with Office 2024 + M365 Basic* Backlit Keyboard Intel Core 5 210...,"₹65,990",4.4,15 Reviews,Intel Core 5 Processor,16 GB DDR5 RAM,Windows 11 Home Operating System,512 GB SSD,35.56 cm (14 Inch) Display,"Microsoft Office Home 2024 (Lifetime Validity ) + Microsoft 365 Basic*(1-Year Validity), One-Month Membership of Adobe Creative Cloud All Apps, McAfee 1 year",1 Year Onsite Warranty
Lenovo IdeaPad Slim 3 Backlit Keyboard with MSO'2024 Intel Core i5 13th Gen 13420H - (24 GB/1 TB SSD/W...,"₹82,490",4.4,7 Reviews,Intel Core i5 Processor (13th Gen),24 GB DDR5 RAM,Windows 11 Home Operating System,1 TB SSD,38.86 cm (15.3 Inch) Display,,1 Year Onsite Warranty
Lenovo Ideapad Slim 3 OLED with 1Yr ADP Snapdragon X - (16 GB/512 GB SSD/Windows 11 Home) 15Q8X10 Lapt...,"₹67,990",4.7,5 Reviews,Snapdragon X Processor,16 GB LPDDR5X RAM,64 bit Windows 11 Home Operating System,512 GB SSD,38.35 cm (15.1 Inch) Display,,1 Year Limited Warranty
MOTOROLA Motobook 60 Pro Full Metal AI PC WUXGA OLED Intel Core Ultra 5 225H - (16 GB/512 GB SSD/Windo...,"₹72,990",4.5,113 Reviews,Intel Core Ultra 5 Processor,16 GB DDR5 RAM,64 bit Windows 11 Operating System,512 GB SSD,35.56 cm (14 inch) Display,,
Lenovo IdeaPad Slim 3 with 1Yr ADP Snapdragon X - (16 GB/1 TB SSD/Windows 11 Home) 15Q8X10 Thin and Li...,"₹66,990",4.2,5 Reviews,Snapdragon X Processor,16 GB LPDDR5X RAM,Windows 11 Home Operating System,1 TB SSD,38.86 cm (15.3 inch) Display,,
Samsung Galaxy Book4 Metal Intel Core i3 13th Gen 1315U - (8 GB/512 GB SSD/Windows 11 Home) NP750XGJ-L...,"₹49,990",4.4,"1,276 Reviews",Intel Core i3 Processor (13th Gen),8 GB LPDDR4X RAM,64 bit Windows 11 Operating System,512 GB SSD,39.62 cm (15.6 Inch) Display,,1 Year Onsite Warranty
Acer Aspire Lite AMD Ryzen 3 Quad Core 7330U - (16 GB/512 GB SSD/Windows 11 Home) AL15-41 Thin and Lig...,"₹49,886",3.9,18 Reviews,AMD Ryzen 3 Quad Core Processor,16 GB DDR4 RAM,Windows 11 Operating System,512 GB SSD,39.62 cm (15.6 Inch) Display,,1 Year Carry-in Warranty
"ASUS Vivobook 14 (2025) with Office 2024 + M365 Basic*, Backlit Keyboard, Snapdragon X - (16 GB/512 GB...","₹58,990",4.4,78 Reviews,Snapdragon X Processor,16 GB LPDDR5X RAM,Windows 11 Home Operating System,512 GB SSD,35.56 cm (14 Inch) Display,"Microsoft Office Home 2024 (Lifetime Validity ) + Microsoft 365 Basic*(1-Year Validity), One-Month Membership of Adobe Creative Cloud All Apps",1 Year Onsite Warranty
"Apple MacBook Air (M5, 2026) M5 - (16 GB/512 GB SSD/Tahoe) MDHA4HN/A","₹1,40,990",4.7,135 Reviews,Apple M5 Processor,16 GB Unified Memory RAM,Mac OS Operating System,512 GB SSD,34.54 cm (13.6 inch) Display,,1 Year Limited Warranty
Lenovo IdeaPad Slim 5 AMD Ryzen AI 5 Quad Core AI 5 330 - (16 GB/512 GB SSD/Windows 11 Home) 14AKP10 T...,"₹75,990",4.6,0 Reviews,AMD Ryzen AI 5 Quad Core Processor,16 GB DDR5 RAM,Windows 11 Home Operating System,512 GB SSD,35.56 cm (14 Inch) Display,Microsoft 365 Basic + Office Home 2024,1 Year Carry-in Warranty
Acer Aspire 3 Intel Celeron Dual Core - (8 GB/256 GB SSD/Windows 11 Home) A311-45 Thin and Light Lapto...,"₹32,791",3.8,992 Reviews,Intel Celeron Dual Core Processor,8 GB DDR4 RAM,64 bit Windows 11 Home Operating System,256 GB SSD,29.46 cm (11.6 Inch) Display,,1 Year Warranty
"ASUS Vivobook 15 (2026) with Office 2024 + M365 Basic*, AMD Ryzen 5 Hexa Core 150 - (16 GB/512 GB SSD/...","₹65,990",4.5,14 Reviews,AMD Ryzen 5 Hexa Core Processor,16 GB DDR5 RAM,Windows 11 Home Operating System,512 GB SSD,39.62 cm (15.6 inch) Display,"MSO 2024 for lifetime + Microsoft 365 Basic with 100GB Cloud Storage for 1 Year, One-Month Membership of Adobe Creative Cloud All Apps, McAfee 1 year",1 Year Onsite Warranty
Acer Aspire 3 Intel Celeron Dual Core - (8 GB/512 GB SSD/Windows 11 Home) A311-45 Thin and Light Lapto...,"₹34,892",3.8,992 Reviews,Intel Celeron Dual Core Processor,8 GB DDR4 RAM,64 bit Windows 11 Home Operating System,512 GB SSD,29.46 cm (11.6 Inch) Display,,1 Year Warranty
Samsung Galaxy Book4 Metal Intel Core i3 13th Gen 1315U - (8 GB/512 GB SSD/Windows 11 Home) NP750XGJ-L...,"₹49,990",4.4,"1,276 Reviews",Intel Core i3 Processor (13th Gen),8 GB LPDDR4X RAM,64 bit Windows 11 Operating System,512 GB SSD,39.62 cm (15.6 Inch) Display,,1 Year Onsite Warranty
Apple Macbook Neo A18 Pro(2026) A18 Pro - (8 GB/512 GB SSD/Tahoe) MHFC4HN/A,"₹82,990",4.7,82 Reviews,Apple A18 Pro Processor,8 GB Unified Memory RAM,Mac OS Operating System,512 GB SSD,33.02 cm (13 inch) Display,,1 Year Limited Warranty
Acer Aspire Lite AMD Ryzen 3 Quad Core 5400U - (8 GB/512 GB SSD/Windows 11 Home) AL15-41 Thin and Ligh...,"₹44,990",4.1,142 Reviews,AMD Ryzen 3 Quad Core Processor,8 GB DDR4 RAM,Windows 11 Operating System,512 GB SSD,39.62 cm (15.6 Inch) Display,,1 Year Carry-in Warranty
Primebook 2 Max (2025) in-Built AI MediaTek Helio G99 (MT8781) - (8 GB/256 GB/Android 15) PBG9915256#4...,"₹31,990",4.4,572 Reviews,MediaTek Helio G99 (MT8781) Processor,8 GB LPDDR4X RAM,64 bit Android Operating System,,39.62 cm (15.6 Inch) Display,,1 Year Onsite Warranty
Apple Macbook Neo A18 Pro(2026) A18 Pro - (8 GB/256 GB SSD/Tahoe) MHFA4HN/A,"₹72,990",4.7,82 Reviews,Apple A18 Pro Processor,8 GB Unified Memory RAM,Mac OS Operating System,256 GB SSD,33.02 cm (13 inch) Display,,1 Year Limited Warranty
"ASUS Vivobook 14 (2025) with Office 2024 + M365 Basic*, Backlit Keyboard, Snapdragon X - (16 GB/512 GB...","₹58,990",4.4,78 Reviews,Snapdragon X Processor,16 GB LPDDR5X RAM,Windows 11 Home Operating System,512 GB SSD,35.56 cm (14 Inch) Display,"Microsoft Office Home 2024 (Lifetime Validity ) + Microsoft 365 Basic*(1-Year Validity), One-Month Membership of Adobe Creative Cloud All Apps",1 Year Onsite Warranty
Lenovo LOQ Intel Core i5 13th Gen 13450HX - (16 GB/512 GB SSD/Windows 11 Home/6 GB Graphics/NVIDIA GeF...,"₹96,990",4.4,231 Reviews,Intel Core i5 Processor (13th Gen),16 GB DDR5 RAM,64 bit Windows 11 Operating System,512 GB SSD,39.62 cm (15.6 Inch) Display,,1Yr Warranty and 1 Yr Accidental Damage Protection
Acer Aspire 3 AMD Ryzen 3 Quad Core 7330U - (8 GB/256 GB SSD/Windows 11 Home) AS15-42 Thin and Light L...,"₹47,735",4.1,129 Reviews,AMD Ryzen 3 Quad Core Processor,8 GB DDR4 RAM,Windows 11 Operating System,256 GB SSD,39.62 cm (15.6 inch) Display,,1 Year Onsite Warranty
"MICROSOFT Surface Pro 12"" with Type Cover Core 8 with Microsoft 365 for 6 Months* Snapdragon X Plus - ...","₹1,04,198",5,2 Reviews,Snapdragon X Plus Processor,16 GB LPDDR5X RAM,64 bit Windows 11 Operating System,256 GB SSD,30.48 cm (12 inch) Touchscreen Display,,1 Year Limited Warranty
HP 15 (i3 14th Gen) Intel Core 3 100U - (8 GB/512 GB SSD/Windows 11 Home) 15-fd1253TU/ 15-fd1225TU Thi...,"₹53,990",4.2,121 Reviews,Intel Core 3 Processor,8 GB DDR4 RAM,64 bit Windows 11 Home Operating System,512 GB SSD,39.62 cm (15.6 Inch) Display,MS Office Home 2024 + MISC PC Game Pass DA 3M,1 Year Onsite Warranty
MOTOROLA Motobook 60 Pro Full Metal AI PC WUXGA OLED Intel Core Ultra 5 225H - (16 GB/512 GB SSD/Windo...,"₹72,990",4.5,113 Reviews,Intel Core Ultra 5 Processor,16 GB DDR5 RAM,64 bit Windows 11 Operating System,512 GB SSD,35.56 cm (14 inch) Display,,
Lenovo IdeaPad Slim 3 with 1Yr ADP Snapdragon X - (16 GB/1 TB SSD/Windows 11 Home) 15Q8X10 Thin and Li...,"₹66,990",4.2,5 Reviews,Snapdragon X Processor,16 GB LPDDR5X RAM,Windows 11 Home Operating System,1 TB SSD,38.86 cm (15.3 inch) Display,,
"ASUS Vivobook 15 (2025) (i5 14th Gen) with MSO 2024 + M365 Basic*, Backlit Keyboard, Intel Core 5 120U...","₹73,748",4.3,142 Reviews,Intel Core 5 Processor,16 GB DDR4 RAM,Windows 11 Home Operating System,512 GB SSD,39.62 cm (15.6 Inch) Display,"Microsoft Office Home 2024 (Lifetime Validity ) + Microsoft 365 Basic*(1-Year Validity), One-Month Membership of Adobe Creative Cloud All Apps, McAfee 1 year",1 Year Onsite Warranty
HP Victus Intel Core i5 13th Gen 13420H - (16 GB/512 GB SSD/Windows 11 Home/6 GB Graphics/NVIDIA GeFor...,"₹99,990",4.2,55 Reviews,Intel Core i5 Processor (13th Gen),16 GB DDR4 RAM,Windows 11 Home Operating System,512 GB SSD,39.62 cm (15.6 Inch) Display,,1 Year Carry-in Warranty
"ASUS Vivobook 14 (2025) with Office 2024 + M365 Basic*, Backlit Keyboard, Snapdragon X - (16 GB/512 GB...","₹58,990",4.4,78 Reviews,Snapdragon X Processor,16 GB LPDDR5X RAM,Windows 11 Home Operating System,512 GB SSD,35.56 cm (14 Inch) Display,"Microsoft Office Home 2024 (Lifetime Validity ) + Microsoft 365 Basic*(1-Year Validity), One-Month Membership of Adobe Creative Cloud All Apps",1 Year Onsite Warranty
"Apple MacBook Air (M5, 2026) M5 - (16 GB/512 GB SSD/Tahoe) MDHA4HN/A","₹1,40,990",4.7,135 Reviews,Apple M5 Processor,16 GB Unified Memory RAM,Mac OS Operating System,512 GB SSD,34.54 cm (13.6 inch) Display,,1 Year Limited Warranty
ASUS ExpertBook P3 AI PC with 1 Yr ADP Intel Core Ultra 5 225H - (16 GB/512 GB SSD/Windows 11 Home) P3...,"₹87,851",4.3,18 Reviews,Intel Core Ultra 5 Processor,16 GB DDR5 RAM,Windows 11 Home Operating System,512 GB SSD,40.64 cm (16 inch) Display,Microsoft Office Home 2024 + Microsoft 365 Basic,
HP Victus AI AMD Ryzen 7 Octa Core 260 - (24 GB/1 TB SSD/Windows 11 Home/8 GB Graphics/NVIDIA GeForce ...,"₹1,14,990",4.5,76 Reviews,AMD Ryzen 7 Octa Core Processor,24 GB DDR5 RAM,Windows 11 Home Operating System,1 TB SSD,39.62 cm (15.6 Inch) Display,MS Office Home 2024 + MISC PC Game Pass DA 3M,1 Year Onsite Warranty
Lenovo IdeaPad Pro 5 with 1Yr ADP Intel Core Ultra 9 285H - (32 GB/1 TB SSD/Windows 11 Home) 14IAH10 T...,"₹1,35,990",4.5,6 Reviews,Intel Core Ultra 9 Processor,32 GB LPDDR5X RAM,Windows 11 Home Operating System,1 TB SSD,35.56 cm (14 Inch) Display,,1 Year Onsite Warranty
Acer ‎Acer One 14 AMD Ryzen 3 Quad Core 7320U - (8 GB/512 GB SSD/Windows 11 Home) A114-43 Thin and Lig...,"₹52,990",4,71 Reviews,AMD Ryzen 3 Quad Core Processor,8 GB LPDDR5 RAM,Windows 11 Operating System,512 GB SSD,35.56 cm (14 Inch) Display,,1 Year Onsite Warranty
Apple Macbook Neo A18 Pro(2026) A18 Pro - (8 GB/512 GB SSD/Tahoe) MHFE4HN/A,"₹82,990",4.7,82 Reviews,Apple A18 Pro Processor,8 GB Unified Memory RAM,Mac OS Operating System,512 GB SSD,33.02 cm (13 inch) Display,,1 Year Limited Warranty
Apple Macbook Neo A18 Pro(2026) A18 Pro - (8 GB/256 GB SSD/Tahoe) MHFH4HN/A,"₹72,990",4.7,82 Reviews,Apple A18 Pro Processor,8 GB Unified Memory RAM,Mac OS Operating System,256 GB SSD,33.02 cm (13 inch) Display,,1 Year Limited Warranty
Acer TravelLite AMD Ryzen 5 7430U - (8 GB/512 GB SSD/Windows 11 Home) TL04-41M Notebook,"₹51,998",3.9,31 Reviews,AMD Ryzen 5 Processor,8 GB DDR4 RAM,64 bit Windows 11 Home Operating System,512 GB SSD,35.56 cm (14 Inch) Display,,1 Year Limited Warranty
HP Intel Core i3 13th Gen 1315U - (8 GB/512 GB SSD/Windows 11 Home) 15-fd0569TU Thin and Light Laptop,"₹50,800",4.2,7 Reviews,Intel Core i3 Processor (13th Gen),8 GB DDR4 RAM,Windows 11 Home Operating System,512 GB SSD,39.62 cm (15.6 Inch) Display,MS Office Home 2024 + MISC PC Game Pass DA 3M,1 Year Onsite Warranty
Samsung Galaxy Book4 Metal Intel Core i3 13th Gen 1315U - (8 GB/512 GB SSD/Windows 11 Home) NP750XGJ-L...,"₹49,990",4.4,"1,276 Reviews",Intel Core i3 Processor (13th Gen),8 GB LPDDR4X RAM,64 bit Windows 11 Operating System,512 GB SSD,39.62 cm (15.6 Inch) Display,,1 Year Onsite Warranty
Apple Macbook Neo A18 Pro(2026) A18 Pro - (8 GB/512 GB SSD/Tahoe) MHFC4HN/A,"₹82,990",4.7,82 Reviews,Apple A18 Pro Processor,8 GB Unified Memory RAM,Mac OS Operating System,512 GB SSD,33.02 cm (13 inch) Display,,1 Year Limited Warranty
Apple Macbook Neo A18 Pro(2026) A18 Pro - (8 GB/512 GB SSD/Tahoe) MHFJ4HN/A,"₹82,990",4.7,82 Reviews,Apple A18 Pro Processor,8 GB Unified Memory RAM,Mac OS Operating System,512 GB SSD,33.02 cm (13 inch) Display,,1 Year Limited Warranty
ASUS Vivobook Go 15 (2026) with Office 2024 + M365 Basic* AMD Ryzen 3 Quad Core 30 - (8 GB/512 GB SSD/...,"₹44,990",4,4 Reviews,AMD Ryzen 3 Quad Core Processor,8 GB DDR5 RAM,Windows 11 Home Operating System,512 GB SSD,39.62 cm (15.6 inch) Display,"MSO 2024 for lifetime + Microsoft 365 Basic with 100GB Cloud Storage for 1 Year, One-Month Membership of Adobe Creative Cloud All Apps, McAfee 1 year",1 Year Onsite Warranty
Primebook 2 Max (2026) in-Built AI MediaTek Helio G99 (MT8781) - (8 GB/128 GB/Android 15) PBG9915128#4...,"₹28,990",,,MediaTek Helio G99 (MT8781) Processor,8 GB LPDDR4X RAM,64 bit Android Operating System,,39.62 cm (15.6 inch) Display,,
Acer One 14 AMD Ryzen 3 Quad Core 7320U - (8 GB/256 GB SSD/Windows 11 Home) A114-43 Thin and Light Lap...,"₹45,000",4,71 Reviews,AMD Ryzen 3 Quad Core Processor,8 GB LPDDR5 RAM,64 bit Windows 11 Operating System,256 GB SSD,35.56 cm (14 Inch) Display,,1 Year International Travelers Warranty (ITW)
Apple Macbook Neo A18 Pro(2026) A18 Pro - (8 GB/256 GB SSD/Tahoe) MHFA4HN/A,"₹72,990",4.7,82 Reviews,Apple A18 Pro Processor,8 GB Unified Memory RAM,Mac OS Operating System,256 GB SSD,33.02 cm (13 inch) Display,,1 Year Limited Warranty
"ASUS Vivobook 14 (2025) with Office 2024 + M365 Basic*, Backlit Keyboard, Snapdragon X - (16 GB/512 GB...","₹58,990",4.4,78 Reviews,Snapdragon X Processor,16 GB LPDDR5X RAM,Windows 11 Home Operating System,512 GB SSD,35.56 cm (14 Inch) Display,"Microsoft Office Home 2024 (Lifetime Validity ) + Microsoft 365 Basic*(1-Year Validity), One-Month Membership of Adobe Creative Cloud All Apps",1 Year Onsite Warranty
ASUS TUF Gaming A16 (2026) AMD Ryzen 7 170 - (8 GB/512 GB SSD/Windows 11 Home/6 GB Graphics/NVIDIA GeF...,"₹1,29,990",4.5,1 Reviews,AMD Ryzen 7 Processor,8 GB DDR5 RAM,Windows 11 Home Operating System,512 GB SSD,40.64 cm (16 inch) Display,,
DELL 15 (Previously Inspiron) Intel Core i5 13th Gen 1334U - (16 GB/512 GB SSD/Windows 11 Home) DC1525...,"₹63,490",4.3,92 Reviews,Intel Core i5 Processor (13th Gen),16 GB DDR4 RAM,Windows 11 Operating System,512 GB SSD,38.1 cm (15 Inch) Display,,1 Year Onsite Warranty
MOTOROLA Motobook 60 Pro Full Metal AI PC WUXGA OLED Intel Core Ultra 5 225H - (16 GB/512 GB SSD/Windo...,"₹72,990",4.5,113 Reviews,Intel Core Ultra 5 Processor,16 GB DDR5 RAM,64 bit Windows 11 Operating System,512 GB SSD,35.56 cm (14 inch) Display,,
Lenovo IdeaPad Slim 3 with 1Yr ADP Snapdragon X - (16 GB/1 TB SSD/Windows 11 Home) 15Q8X10 Thin and Li...,"₹66,990",4.2,5 Reviews,Snapdragon X Processor,16 GB LPDDR5X RAM,Windows 11 Home Operating System,1 TB SSD,38.86 cm (15.3 inch) Display,,
"ASUS Vivobook 15 (2026) with Office 2024 + M365 Basic*, AMD Ryzen 5 Hexa Core 150 - (16 GB/512 GB SSD/...","₹65,990",4.5,14 Reviews,AMD Ryzen 5 Hexa Core Processor,16 GB DDR5 RAM,Windows 11 Home Operating System,512 GB SSD,39.62 cm (15.6 inch) Display,"MSO 2024 for lifetime + Microsoft 365 Basic with 100GB Cloud Storage for 1 Year, One-Month Membership of Adobe Creative Cloud All Apps, McAfee 1 year",1 Year Onsite Warranty
Apple Macbook Neo A18 Pro(2026) A18 Pro - (8 GB/512 GB SSD/Tahoe) MHFE4HN/A,"₹82,990",4.7,82 Reviews,Apple A18 Pro Processor,8 GB Unified Memory RAM,Mac OS Operating System,512 GB SSD,33.02 cm (13 inch) Display,,1 Year Limited Warranty
Acer Chromebook MediaTek Kompanio 540 - (4 GB/128 GB EMMC Storage/Chrome OS) CB315-8H Chromebook,"₹29,990",,,MediaTek MediaTek Kompanio 540 Processor,4 GB LPDDR5X RAM,64 bit Chrome Operating System,,39.62 cm (15.6 inch) Display,,
HP 15 Intel Core i7 13th Gen 1355U - (16 GB/512 GB SSD/Windows 11 Home) Fd0468TU/Fd 0515TU /14-ep0159T...,"₹77,507",4.1,11 Reviews,Intel Core i7 Processor (13th Gen),16 GB DDR4 RAM,Windows 11 Home Operating System,512 GB SSD,39.62 cm (15.6 Inch) Display,Microsoft Office H&S Edition 2024,1 Year Carry-in Warranty
"ASUS Vivobook 14 (2025) with Office 2024 + M365 Basic*, Backlit Keyboard, Snapdragon X - (16 GB/512 GB...","₹58,990",4.4,78 Reviews,Snapdragon X Processor,16 GB LPDDR5X RAM,Windows 11 Home Operating System,512 GB SSD,35.56 cm (14 Inch) Display,"Microsoft Office Home 2024 (Lifetime Validity ) + Microsoft 365 Basic*(1-Year Validity), One-Month Membership of Adobe Creative Cloud All Apps",1 Year Onsite Warranty
"Apple MacBook Air (M5, 2026) M5 - (16 GB/512 GB SSD/Tahoe) MDHA4HN/A","₹1,40,990",4.7,135 Reviews,Apple M5 Processor,16 GB Unified Memory RAM,Mac OS Operating System,512 GB SSD,34.54 cm (13.6 inch) Display,,1 Year Limited Warranty
Lenovo IdeaPad Slim 3 Intel Core i3 13th Gen 1315U - (8 GB/512 GB SSD/Windows 11 Home) IdeaPad Slim 3 ...,"₹53,990",4,0 Reviews,Intel Core i3 Processor (13th Gen),8 GB LPDDR5 RAM,Windows 11 Home Operating System,512 GB SSD,39.62 cm (15.6 inch) Display,,
ASUS ROG Zephyrus G16 OLED (2026) Intel Core Ultra 9 386H - (32 GB/2 TB SSD/Windows 11 Home/12 GB Grap...,"₹4,89,990",,,Intel Core Ultra 9 Processor,32 GB LPDDR5X RAM,Windows 11 Home Operating System,2 TB SSD,40.64 cm (16 inch) Display,"Microsoft Office Home 2024 (Lifetime Validity ) + Microsoft 365 Basic with 100GB Cloud Storage for 1 Year, McAfee 1 year, Xbox Game Pass for 2 months",
Apple Macbook Neo A18 Pro(2026) A18 Pro - (8 GB/512 GB SSD/Tahoe) MHFE4HN/A,"₹82,990",4.7,82 Reviews,Apple A18 Pro Processor,8 GB Unified Memory RAM,Mac OS Operating System,512 GB SSD,33.02 cm (13 inch) Display,,1 Year Limited Warranty
Apple Macbook Neo A18 Pro(2026) A18 Pro - (8 GB/256 GB SSD/Tahoe) MHFH4HN/A,"₹72,990",4.7,82 Reviews,Apple A18 Pro Processor,8 GB Unified Memory RAM,Mac OS Operating System,256 GB SSD,33.02 cm (13 inch) Display,,1 Year Limited Warranty
Lenovo Legion Pro 5 WQXGA OLED Intel Core Ultra 9 275HX - (32 GB/1 TB SSD/Windows 11 Home/12 GB Graphi...,"₹2,90,990",4.4,3 Reviews,Intel Core Ultra 9 Processor,32 GB DDR5 RAM,Windows 11 Home Operating System,1 TB SSD,40.64 cm (16 inch) Display,,
HP Victus Intel Core i5 14th Gen 14450HX - (24 GB/512 GB SSD/Windows 11 Home/6 GB Graphics/NVIDIA GeFo...,"₹99,480",4.4,49 Reviews,Intel Core i5 Processor (14th Gen),24 GB DDR5 RAM,Windows 11 Home Operating System,512 GB SSD,39.62 cm (15.6 Inch) Display,MSO Home 2024 + 1yr M365 Basic & MISC PC Game Pass DA 3M,1 Year Onsite Warranty
Acer Aspire 3 Intel Celeron Dual Core - (8 GB/256 GB SSD/Windows 11 Home) A311-45 Thin and Light Lapto...,"₹32,791",3.8,992 Reviews,Intel Celeron Dual Core Processor,8 GB DDR4 RAM,64 bit Windows 11 Home Operating System,256 GB SSD,29.46 cm (11.6 Inch) Display,,1 Year Warranty
HP (i5 14th Gen) Intel Core 5 - (16 GB/512 GB SSD/Windows 11 Home) 14-ep0385TU Laptop,"₹69,990",4.3,0 Reviews,Intel Core 5 Processor,16 GB DDR4 RAM,Windows 11 Home Operating System,512 GB SSD,35.56 cm (14 inch) Display,MS Office Home 2024 + MISC PC Game Pass DA 3M,
Samsung Galaxy Book4 Metal Intel Core i3 13th Gen 1315U - (8 GB/512 GB SSD/Windows 11 Home) NP750XGJ-L...,"₹49,990",4.4,"1,276 Reviews",Intel Core i3 Processor (13th Gen),8 GB LPDDR4X RAM,64 bit Windows 11 Operating System,512 GB SSD,39.62 cm (15.6 Inch) Display,,1 Year Onsite Warranty
Apple Macbook Neo A18 Pro(2026) A18 Pro - (8 GB/512 GB SSD/Tahoe) MHFC4HN/A,"₹82,990",4.7,82 Reviews,Apple A18 Pro Processor,8 GB Unified Memory RAM,Mac OS Operating System,512 GB SSD,33.02 cm (13 inch) Display,,1 Year Limited Warranty
ASUS Chromebook CX14 Intel Celeron Dual Core N4500 - (4 GB/64 GB EMMC Storage/Chrome OS) CX1405CKA-NK0...,"₹18,990",3.9,64 Reviews,Intel Celeron Dual Core Processor,4 GB LPDDR4X RAM,Chrome Operating System,,35.56 cm (14 Inch) Display,,1 Year Onsite Warranty
Samsung Galaxy Book6 Intel Core Ultra 7 Series 3 355 - (16 GB/512 GB SSD/Windows 11 Home) NP760XJG Thi...,"₹1,31,990",4.2,1 Reviews,Intel Core Ultra 7 Processor (Series 3),16 GB LPDDR5X RAM,64 bit Windows 11 Home Operating System,512 GB SSD,40.64 cm (16 inch) Touchscreen Display,,1 Year Manufacturer Warranty for Laptop and 6 Months for In-Box Accessories
Apple Macbook Neo A18 Pro(2026) A18 Pro - (8 GB/256 GB SSD/Tahoe) MHFA4HN/A,"₹72,990",4.7,82 Reviews,Apple A18 Pro Processor,8 GB Unified Memory RAM,Mac OS Operating System,256 GB SSD,33.02 cm (13 inch) Display,,1 Year Limited Warranty
"ASUS Vivobook 14 (2025) with Office 2024 + M365 Basic*, Backlit Keyboard, Snapdragon X - (16 GB/512 GB...","₹58,990",4.4,78 Reviews,Snapdragon X Processor,16 GB LPDDR5X RAM,Windows 11 Home Operating System,512 GB SSD,35.56 cm (14 Inch) Display,"Microsoft Office Home 2024 (Lifetime Validity ) + Microsoft 365 Basic*(1-Year Validity), One-Month Membership of Adobe Creative Cloud All Apps",1 Year Onsite Warranty
Acer Predator Helios Neo 16S AI Intel Core Ultra 7 255HX - (16 GB/1 TB SSD/Windows 11 Home/8 GB Graphi...,"₹1,71,990",4.3,4 Reviews,Intel Core Ultra 7 Processor,16 GB DDR5 RAM,64 bit Windows 11 Home Operating System,1 TB SSD,40.64 cm (16 Inch) Display,,1 Year Warranty
HP Omen AMD Ryzen 9 16 Core 8940HX - (24 GB/1 TB SSD/Windows 11 Home/8 GB Graphics/NVIDIA GeForce RTX ...,"₹1,74,237",5,1 Reviews,AMD Ryzen 9 16 Core Processor,24 GB DDR5 RAM,Windows 11 Home Operating System,1 TB SSD,40.64 cm (16 Inch) Display,,1 Year Onsite Warranty
"ASUS Vivobook S14 (2025) with Office 2024 + M365 Basic*, AI PC, Backlit Keyboard, Snapdragon X - (16 G...","₹68,990",4.5,150 Reviews,Snapdragon X Processor,16 GB LPDDR5X RAM,Windows 11 Home Operating System,512 GB SSD,35.56 cm (14 Inch) Display,"Microsoft Office Home 2024 (Lifetime Validity ) + Microsoft 365 Basic*(1-Year Validity), One-Month Membership of Adobe Creative Cloud All Apps",1 Year Onsite Warranty
Acer Aspire Lite Intel Core i5 12th Gen 12450H - (16 GB/1 TB SSD/Windows 11 Home) AL15-52H Thin and Li...,"₹62,990",4.1,237 Reviews,Intel Core i5 Processor (12th Gen),16 GB LPDDR5 RAM,64 bit Windows 11 Home Operating System,1 TB SSD,39.62 cm (15.6 Inch) Display,,1 Year Onsite warranty
MOTOROLA Motobook 60 Pro Full Metal AI PC WUXGA OLED Intel Core Ultra 5 225H - (16 GB/512 GB SSD/Windo...,"₹72,990",4.5,113 Reviews,Intel Core Ultra 5 Processor,16 GB DDR5 RAM,64 bit Windows 11 Operating System,512 GB SSD,35.56 cm (14 inch) Display,,
Lenovo IdeaPad Slim 3 with 1Yr ADP Snapdragon X - (16 GB/1 TB SSD/Windows 11 Home) 15Q8X10 Thin and Li...,"₹66,990",4.2,5 Reviews,Snapdragon X Processor,16 GB LPDDR5X RAM,Windows 11 Home Operating System,1 TB SSD,38.86 cm (15.3 inch) Display,,
Acer Aspire 3 Intel Core i3 13th Gen 1305U - (8 GB/512 GB SSD/Windows 11 Home) A324-53 Thin and Light ...,"₹55,900",4.3,290 Reviews,Intel Core i3 Processor (13th Gen),8 GB DDR4 RAM,64 bit Windows 11 Operating System,512 GB SSD,35.56 cm (14 Inch) Display,,1 Year Carry-in Warranty
"ASUS Vivobook S14 (2026) with Office 2024 + M365 Basic*, AI PC NPU up to 16TOPS AMD Ryzen 7 260 - (16 ...","₹84,990",,,AMD Ryzen 7 Processor,16 GB DDR5 RAM,Windows 11 Home Operating System,1 TB SSD,35.56 cm (14 inch) Display,"MSO 2024 for lifetime + Microsoft 365 Basic with 100GB Cloud Storage for 1 Year, McAfee 1 year",
"ASUS Vivobook 14 (2025) with Office 2024 + M365 Basic*, Backlit Keyboard, Snapdragon X - (16 GB/512 GB...","₹58,990",4.4,78 Reviews,Snapdragon X Processor,16 GB LPDDR5X RAM,Windows 11 Home Operating System,512 GB SSD,35.56 cm (14 Inch) Display,"Microsoft Office Home 2024 (Lifetime Validity ) + Microsoft 365 Basic*(1-Year Validity), One-Month Membership of Adobe Creative Cloud All Apps",1 Year Onsite Warranty
"Apple MacBook Air (M5, 2026) M5 - (16 GB/512 GB SSD/Tahoe) MDHA4HN/A","₹1,40,990",4.7,135 Reviews,Apple M5 Processor,16 GB Unified Memory RAM,Mac OS Operating System,512 GB SSD,34.54 cm (13.6 inch) Display,,1 Year Limited Warranty
walker Intel Celeron Dual Core Intel N4020 - (4 GB/256 GB SSD/Windows 11 Home) NU1506A Thin and Light ...,"₹20,790",,,Intel Celeron Dual Core Processor,4 GB DDR4 RAM,32 bit Windows 11 Operating System,256 GB SSD,39.62 cm (15.6 inch) Display,,
MSI Modern 14 Intel Core i3 13th Gen 1315U - (8 GB/512 GB SSD/Windows 11 Home) 14 C13M-115IN / 14 C13M...,"₹44,990",4.4,33 Reviews,Intel Core i3 Processor (13th Gen),8 GB DDR4 RAM,Windows 11 Operating System,512 GB SSD,35.56 cm (14 Inch) Display,,1 Year Carry-in Warranty
ASUS ExpertBook Ultra Copilot+ PC Intel Core Ultra X7 358H - (32 GB/1 TB SSD/Windows 11 Home) B9406CAA...,"₹2,39,990",4.9,6 Reviews,Intel Core Ultra X7 Processor,32 GB LPDDR5X RAM,Windows 11 Home Operating System,1 TB SSD,35.56 cm (14 inch) Touchscreen Display,Microsoft Office Home 2024 + Microsoft 365 Basic,
Acer Aspire 7 (i5 14th Gen) Intel Core 5 210H - (16 GB/512 GB SSD/Windows 11 Home/6 GB Graphics/NVIDIA...,"₹74,990",4.3,16 Reviews,Intel Core 5 Processor,16 GB DDR4 RAM,64 bit Windows 11 Home Operating System,512 GB SSD,39.62 cm (15.6 Inch) Display,,1 Year Warranty
Apple Macbook Neo A18 Pro(2026) A18 Pro - (8 GB/512 GB SSD/Tahoe) MHFE4HN/A,"₹82,990",4.7,82 Reviews,Apple A18 Pro Processor,8 GB Unified Memory RAM,Mac OS Operating System,512 GB SSD,33.02 cm (13 inch) Display,,1 Year Limited Warranty
Apple Macbook Neo A18 Pro(2026) A18 Pro - (8 GB/256 GB SSD/Tahoe) MHFH4HN/A,"₹72,990",4.7,82 Reviews,Apple A18 Pro Processor,8 GB Unified Memory RAM,Mac OS Operating System,256 GB SSD,33.02 cm (13 inch) Display,,1 Year Limited Warranty
ASUS Vivobook 15 (2026) Intel Core 5 120U - (8 GB/512 GB SSD/Windows 11 Home) X1504VAP-IN011WS Thin an...,"₹58,990",,,Intel Core 5 Processor,8 GB DDR5 RAM,Windows 11 Home Operating System,512 GB SSD,39.62 cm (15.6 inch) Display,"MSO 2024 for lifetime + Microsoft 365 Basic with 100GB Cloud Storage for 1 Year, McAfee 1 year",
DELL Inspiron 5440 (2026) (i3 14th Gen) Intel Core 3 14th Gen 100U - (8 GB/512 GB SSD/Windows 11 Home)...,"₹52,605",4.2,16 Reviews,Intel Core 3 Processor (14th Gen),8 GB DDR5 RAM,64 bit Windows 11 Home Operating System,512 GB SSD,35.56 cm (14 inch) Display,"Microsoft Office 2021, Windows 11 Home",1 Year Warranty
Samsung Galaxy Book4 Metal Intel Core i3 13th Gen 1315U - (8 GB/512 GB SSD/Windows 11 Home) NP750XGJ-L...,"₹49,990",4.4,"1,276 Reviews",Intel Core i3 Processor (13th Gen),8 GB LPDDR4X RAM,64 bit Windows 11 Operating System,512 GB SSD,39.62 cm (15.6 Inch) Display,,1 Year Onsite Warranty
Apple Macbook Neo A18 Pro(2026) A18 Pro - (8 GB/512 GB SSD/Tahoe) MHFC4HN/A,"₹82,990",4.7,82 Reviews,Apple A18 Pro Processor,8 GB Unified Memory RAM,Mac OS Operating System,512 GB SSD,33.02 cm (13 inch) Display,,1 Year Limited Warranty
ASUS Expertbook P3 Metal High-performance processor with 1 Yr ADP Intel Core i7 13th Gen 13620H - (32 ...,"₹87,990",4.3,42 Reviews,Intel Core i7 Processor (13th Gen),32 GB DDR5 RAM,Windows 11 Home Operating System,1 TB SSD,35.56 cm (14 Inch) Display,"Included Software- Microsoft Office Home 2024(includes Word, Excel, PowerPoint, and OneNote) (Lifetime Validity ) + Microsoft 365 Basic*(1-Year Validity), McAfee+TM Premium (1 year Validity)",1 Year Onsite Warranty
HP Omnibook 5 2K OLED Snapdragon X - (16 GB/1 TB SSD/Windows 11 Home) 16-fb0001QU Thin and Light Lapto...,"₹77,016",4.4,5 Reviews,Snapdragon X Processor,16 GB LPDDR5X RAM,Windows 11 Home Operating System,1 TB SSD,40.64 cm (16 Inch) Display,MS Office Home 2024 + MISC PC Game Pass DA 3M,1 Year Onsite Warranty
HP AMD Ryzen 5 Quad Core 7520U - (16 GB/512 GB SSD/Windows 11 Home) 15-fc0156AU / 15-fc0690AU Thin and...,"₹66,990",4.2,42 Reviews,AMD Ryzen 5 Quad Core Processor,16 GB LPDDR5 RAM,Windows 11 Operating System,512 GB SSD,39.62 cm (15.6 Inch) Display,,1 Year Onsite Warranty
Lenovo LOQ 2025 Intel Core i7 13th Gen 13700HX - (16 GB/1 TB SSD/Windows 11 Home/8 GB Graphics/NVIDIA ...,"₹1,57,050",4.4,22 Reviews,Intel Core i7 Processor (13th Gen),16 GB DDR5 RAM,Windows 11 Home Operating System,1 TB SSD,39.62 cm (15.6 Inch) Display,,1 Year Onsite Warranty
Apple Macbook Neo A18 Pro(2026) A18 Pro - (8 GB/256 GB SSD/Tahoe) MHFA4HN/A,"₹72,990",4.7,82 Reviews,Apple A18 Pro Processor,8 GB Unified Memory RAM,Mac OS Operating System,256 GB SSD,33.02 cm (13 inch) Display,,1 Year Limited Warranty
"ASUS Vivobook 14 (2025) with Office 2024 + M365 Basic*, Backlit Keyboard, Snapdragon X - (16 GB/512 GB...","₹58,990",4.4,78 Reviews,Snapdragon X Processor,16 GB LPDDR5X RAM,Windows 11 Home Operating System,512 GB SSD,35.56 cm (14 Inch) Display,"Microsoft Office Home 2024 (Lifetime Validity ) + Microsoft 365 Basic*(1-Year Validity), One-Month Membership of Adobe Creative Cloud All Apps",1 Year Onsite Warranty
"ASUS ROG Flow Z13 (2025) for Creator with Touch Screen, MSO 2024 + M365 Basic ,AI PC AMD Ryzen AI Max ...","₹2,39,990",,,AMD Ryzen AI Max Processor,32 GB LPDDR5X RAM,Windows 11 Home Operating System,1 TB SSD,34.04 cm (13.4 Inch) Touchscreen Display,"Microsoft Office Home 2024 (Lifetime Validity ) + Microsoft 365 Basic*(1-Year Validity), McAfee 1 year, Xbox Game Pass for 3 months",1 Year Onsite Warranty
HP OMEN Intel Core i7 14th Gen 14650HX - (24 GB/1 TB SSD/Windows 11 Home/8 GB Graphics/NVIDIA GeForce ...,"₹1,51,490",4.5,12 Reviews,Intel Core i7 Processor (14th Gen),24 GB DDR5 RAM,Windows 11 Home Operating System,1 TB SSD,40.64 cm (16 Inch) Display,MS Office Home 2024 + MISC PC Game Pass DA 3M,1 Year Onsite Warranty
MOTOROLA Motobook 60 Pro Full Metal AI PC WUXGA OLED Intel Core Ultra 5 225H - (16 GB/512 GB SSD/Windo...,"₹72,990",4.5,113 Reviews,Intel Core Ultra 5 Processor,16 GB DDR5 RAM,64 bit Windows 11 Operating System,512 GB SSD,35.56 cm (14 inch) Display,,
"ASUS Vivobook 14 (2025) with Office 2024 + M365 Basic*, Backlit Keyboard, Snapdragon X - (16 GB/512 GB...","₹58,990",4.4,78 Reviews,Snapdragon X Processor,16 GB LPDDR5X RAM,Windows 11 Home Operating System,512 GB SSD,35.56 cm (14 Inch) Display,"Microsoft Office Home 2024 (Lifetime Validity ) + Microsoft 365 Basic*(1-Year Validity), One-Month Membership of Adobe Creative Cloud All Apps",1 Year Onsite Warranty
ASUS TUF Gaming A16 (2026) with Office 2024 + M365 Basic AMD Ryzen 7 170 - (16 GB/1 TB SSD/Windows 11 ...,"₹1,08,990",4.5,1 Reviews,AMD Ryzen 7 Processor,16 GB DDR5 RAM,Windows 11 Home Operating System,1 TB SSD,40.64 cm (16 inch) Display,"Microsoft Office Home 2024 (Lifetime Validity ) + Microsoft 365 Basic(1-Year Validity), McAfee 1 year",
ASUS Vivobook Go 15 AMD Ryzen 5 Quad Core 7520U - (8 GB/512 GB SSD/Windows 11 Home) E1504FA-NJ133WS | ...,"₹46,990",4.2,174 Reviews,AMD Ryzen 5 Quad Core Processor,8 GB LPDDR5 RAM,64 bit Windows 11 Operating System,512 GB SSD,39.62 cm (15.6 Inch) Display,,1 Year Onsite Warranty
Lenovo IdeaPad Slim 5 Co-Pilot Next Gen AI PC Full Metal with 1Yr ADP Snapdragon X Plus - (16 GB/1 TB ...,"₹85,050",4.1,98 Reviews,Snapdragon X Plus Processor,16 GB LPDDR5X RAM,Windows 11 Operating System,1 TB SSD,35.56 cm (14 Inch) Display,,1 Year Carry-in Warranty
Lenovo AMD Ryzen 7 7735HS - (16 GB/512 GB SSD/Windows 11 Home) 21M3S0QV00 Laptop,"₹99,000",,,AMD Ryzen 7 Processor,16 GB DDR5 RAM,Windows 11 Operating System,512 GB SSD,35.56 cm (14 inch) Display,,
"Apple MacBook Air (M5, 2026) M5 - (16 GB/512 GB SSD/Tahoe) MDHA4HN/A","₹1,40,990",4.7,135 Reviews,Apple M5 Processor,16 GB Unified Memory RAM,Mac OS Operating System,512 GB SSD,34.54 cm (13.6 inch) Display,,1 Year Limited Warranty
Apple Macbook Neo A18 Pro(2026) A18 Pro - (8 GB/512 GB SSD/Tahoe) MHFE4HN/A,"₹82,990",4.7,82 Reviews,Apple A18 Pro Processor,8 GB Unified Memory RAM,Mac OS Operating System,512 GB SSD,33.02 cm (13 inch) Display,,1 Year Limited Warranty
Acer One 14 AMD APU Dual Core A6 7th Gen 7350B - (4 GB/1 TB HDD/Windows 10 Home) Z3-471 Thin and Light...,"₹33,000",3.9,171 Reviews,AMD APU Dual Core A6 Processor (7th Gen),4 GB DDR4 RAM,64 bit Windows 10 Operating System,1 TB HDD,35.56 cm (14 Inch) Display,,1 Year International Travelers Warranty
Lenovo Chromebook MediaTek Kompanio 520 - (4 GB/128 GB EMMC Storage/Chrome OS) 14M868 Chromebook,"₹28,990",3.9,377 Reviews,MediaTek Kompanio 520 Processor,4 GB LPDDR4X RAM,Chrome Operating System,,35.56 cm (14 Inch) Display,,1 Year Carry-in Warranty
Apple Macbook Neo A18 Pro(2026) A18 Pro - (8 GB/256 GB SSD/Tahoe) MHFH4HN/A,"₹72,990",4.7,82 Reviews,Apple A18 Pro Processor,8 GB Unified Memory RAM,Mac OS Operating System,256 GB SSD,33.02 cm (13 inch) Display,,1 Year Limited Warranty
MOTOROLA Motobook 60 Pro Full Metal AI PC 2.8K OLED Intel Core Ultra 5 225H - (16 GB/512 GB SSD/Window...,"₹77,990",4.5,113 Reviews,Intel Core Ultra 5 Processor,16 GB DDR5 RAM,64 bit Windows 11 Operating System,512 GB SSD,35.56 cm (14 inch) Display,,1 Year Onsite Warranty
Lenovo Legion 5 2025 AMD Ryzen 7 Octa Core 260 - (16 GB/1 TB SSD/Windows 11 Home/8 GB Graphics/NVIDIA ...,"₹1,85,490",4.6,21 Reviews,AMD Ryzen 7 Octa Core Processor,16 GB DDR5 RAM,64 bit Windows 11 Home Operating System,1 TB SSD,38.86 cm (15.3 Inch) Display,,1 Year Limited Warranty
MSI Modern 14 Intel Core i7 13th Gen 1355U - (16 GB/512 GB SSD/Windows 11 Home) Modern 14 C13M-435IN T...,"₹59,990",3.9,6 Reviews,Intel Core i7 Processor (13th Gen),16 GB DDR4 RAM,Windows 11 Operating System,512 GB SSD,35.56 cm (14 Inch) Display,,1 Year Carry-in Warranty
DELL Inspiron 15 (2025) (Core i3 14th Gen) Intel Core 3 100U - (8 GB/512 GB SSD/Windows 11 Home) DC152...,"₹54,600",4.3,21 Reviews,Intel Core 3 Processor,8 GB DDR4 RAM,Windows 11 Home Operating System,512 GB SSD,38.1 cm (15 Inch) Display,,
ASUS Vivobook 14(i5 14th Gen) Intel Core 5 120U - (8 GB/512 GB SSD/Windows 11 Home) X1404VAP-EB1521WS ...,"₹58,990",,,Intel Core 5 Processor,8 GB DDR5 RAM,Windows 11 Home Operating System,512 GB SSD,35.56 cm (14 inch) Display,"MSO 2024 for lifetime + Microsoft 365 Basic with 100GB Cloud Storage for 1 Year, McAfee 1 year",
Samsung Galaxy Book4 Metal Intel Core i3 13th Gen 1315U - (8 GB/512 GB SSD/Windows 11 Home) NP750XGJ-L...,"₹49,990",4.4,"1,276 Reviews",Intel Core i3 Processor (13th Gen),8 GB LPDDR4X RAM,64 bit Windows 11 Operating System,512 GB SSD,39.62 cm (15.6 Inch) Display,,1 Year Onsite Warranty
Apple Macbook Neo A18 Pro(2026) A18 Pro - (8 GB/512 GB SSD/Tahoe) MHFC4HN/A,"₹82,990",4.7,82 Reviews,Apple A18 Pro Processor,8 GB Unified Memory RAM,Mac OS Operating System,512 GB SSD,33.02 cm (13 inch) Display,,1 Year Limited Warranty
Acer Swift Neo OLED AI PC Intel Core Ultra 5 - (16 GB/512 GB SSD/Windows 11 Home) SFN14-54H Thin and L...,"₹69,990",,,Intel Core Ultra 5 Processor,16 GB LPDDR5 RAM,64 bit Windows 11 Home Operating System,512 GB SSD,35.56 cm (14 inch) Display,,1 Year Warranty
Lenovo IdeaPad Slim 3 15ABR8 AMD Ryzen 5 Hexa Core 5625U - (16 GB/512 GB SSD/Windows 11 Home) 82XM00QD...,"₹61,890",4.5,6 Reviews,AMD Ryzen 5 Hexa Core Processor,16 GB DDR4 RAM,Windows 11 Home Operating System,512 GB SSD,39.62 cm (15.6 Inch) Display,,1 Year Carry-in Warranty
Apple Macbook Neo A18 Pro(2026) A18 Pro - (8 GB/256 GB SSD/Tahoe) MHFA4HN/A,"₹72,990",4.7,82 Reviews,Apple A18 Pro Processor,8 GB Unified Memory RAM,Mac OS Operating System,256 GB SSD,33.02 cm (13 inch) Display,,1 Year Limited Warranty
"ASUS Vivobook 14 (2025) with Office 2024 + M365 Basic*, Backlit Keyboard, Snapdragon X - (16 GB/512 GB...","₹58,990",4.4,78 Reviews,Snapdragon X Processor,16 GB LPDDR5X RAM,Windows 11 Home Operating System,512 GB SSD,35.56 cm (14 Inch) Display,"Microsoft Office Home 2024 (Lifetime Validity ) + Microsoft 365 Basic*(1-Year Validity), One-Month Membership of Adobe Creative Cloud All Apps",1 Year Onsite Warranty
DELL 15 (Previously Inspiron) AI Powered Intel Core Ultra 5 225H - (16 GB/512 GB SSD/Windows 11 Home) ...,"₹80,900",3.9,2 Reviews,Intel Core Ultra 5 Processor,16 GB DDR5 RAM,Windows 11 Home Operating System,512 GB SSD,39.62 cm (15.6 inch) Display,,
Acer Aspire Lite AMD Ryzen 3 Quad Core 7330U - (16 GB/512 GB SSD/Windows 11 Home) AL15-41 Thin and Lig...,"₹49,886",3.9,18 Reviews,AMD Ryzen 3 Quad Core Processor,16 GB DDR4 RAM,Windows 11 Operating System,512 GB SSD,39.62 cm (15.6 Inch) Display,,1 Year Carry-in Warranty
DELL Alienware 16 Aurora (i7 14th Gen) Microsoft Office Home 2024 Intel Core 7 240H - (16 GB/1 TB SSD/...,"₹1,50,990",4.4,1 Reviews,Intel Core 7 Processor,16 GB DDR5 RAM,Windows 11 Operating System,1 TB SSD,40.64 cm (16 $Inch) Display,Microsoft Office Home 2024 | Alienware Command Center,
DELL G15 Microsoft Office Home 2024 Intel Core i5 13th Gen 13450HX - (16 GB/1 TB SSD/Windows 11 Home/6...,"₹79,990",4.2,88 Reviews,Intel Core i5 Processor (13th Gen),16 GB DDR5 RAM,Windows 11 Operating System,1 TB SSD,39.62 cm (15.6 Inch) Display,Microsoft Office Home 2024 | Dell Support Assist,1 Year Onsite Warranty
MOTOROLA Motobook 60 Pro Full Metal AI PC WUXGA OLED Intel Core Ultra 5 225H - (16 GB/512 GB SSD/Windo...,"₹72,990",4.5,113 Reviews,Intel Core Ultra 5 Processor,16 GB DDR5 RAM,64 bit Windows 11 Operating System,512 GB SSD,35.56 cm (14 inch) Display,,
Lenovo IdeaPad Slim 3 with 1Yr ADP Snapdragon X - (16 GB/1 TB SSD/Windows 11 Home) 15Q8X10 Thin and Li...,"₹66,990",4.2,5 Reviews,Snapdragon X Processor,16 GB LPDDR5X RAM,Windows 11 Home Operating System,1 TB SSD,38.86 cm (15.3 inch) Display,,
DELL 14 Microsoft Office Home 2024 AMD Ryzen 5 Hexa Core AI 5 340 - (16 GB/512 GB SSD/Windows 11 Home)...,"₹72,990",,,AMD Ryzen 5 Hexa Core Processor,16 GB LPDDR5X RAM,Windows 11 Operating System,512 GB SSD,35.56 cm (14 Inch) Display,Microsoft Office Home 2024 | Dell Support Assist,
Acer Aspire Intel Core i5 12th Gen 12450H - (12 GB/512 GB SSD/Windows 11 Home) AL15-52H Thin and Light...,"₹61,990",4.1,237 Reviews,Intel Core i5 Processor (12th Gen),12 GB LPDDR5 RAM,Windows 11 Home Operating System,512 GB SSD,39.62 cm (15.6 Inch) Display,,1 Year Carry-in Warranty
"ASUS Vivobook 14 (2025) with Office 2024 + M365 Basic*, Backlit Keyboard, Snapdragon X - (16 GB/512 GB...","₹58,990",4.4,78 Reviews,Snapdragon X Processor,16 GB LPDDR5X RAM,Windows 11 Home Operating System,512 GB SSD,35.56 cm (14 Inch) Display,"Microsoft Office Home 2024 (Lifetime Validity ) + Microsoft 365 Basic*(1-Year Validity), One-Month Membership of Adobe Creative Cloud All Apps",1 Year Onsite Warranty
"Apple MacBook Air (M5, 2026) M5 - (16 GB/512 GB SSD/Tahoe) MDHA4HN/A","₹1,40,990",4.7,135 Reviews,Apple M5 Processor,16 GB Unified Memory RAM,Mac OS Operating System,512 GB SSD,34.54 cm (13.6 inch) Display,,1 Year Limited Warranty
"ASUS Vivobook 16 (2025), Copilot + PC with Backlit Keyboard, AI PC, Snapdragon X - (16 GB/512 GB SSD/W...","₹61,990",4.1,17 Reviews,Snapdragon X Processor,16 GB LPDDR5X RAM,Windows 11 Home Operating System,512 GB SSD,40.64 cm (16 Inch) Display,"Microsoft Office Home 2024 (Lifetime Validity ) + Microsoft 365 Basic*(1-Year Validity), One-Month Membership of Adobe Creative Cloud All Apps",1 Year Onsite Warranty
Lenovo LOQ 2025 Intel Core i7 13th Gen 13700HX - (16 GB/1 TB SSD/Windows 11 Home/8 GB Graphics/NVIDIA ...,"₹1,57,050",4.4,22 Reviews,Intel Core i7 Processor (13th Gen),16 GB DDR5 RAM,Windows 11 Home Operating System,1 TB SSD,39.62 cm (15.6 Inch) Display,,1 Year Onsite Warranty
Acer Aspire 3 Backlit AMD Ryzen 7 Octa Core 7730U - (16 GB/1 TB SSD/Windows 11 Home) A325-42 / AS15-42...,"₹75,990",4.1,184 Reviews,AMD Ryzen 7 Octa Core Processor,16 GB DDR4 RAM,Windows 11 Operating System,1 TB SSD,39.62 cm (15.6 Inch) Display,,1 Year Carry-in Warranty
MSI Modern 14 AMD Ryzen 5 Hexa Core 7530U - (8 GB/512 GB SSD/Windows 11 Home) Modern 14 C7M-284IN Busi...,"₹47,990",4.4,36 Reviews,AMD Ryzen 5 Hexa Core Processor,8 GB DDR4 RAM,Windows 11 Operating System,512 GB SSD,35.56 cm (14 Inch) Display,Microsoft Office Home & Student 2021 included,1 Year Carry-in Warranty
Samsung Galaxy Book4 Metal Intel Core i3 13th Gen 1315U - (8 GB/512 GB SSD/Windows 11 Home) NP750XGJ-L...,"₹49,990",4.4,"1,276 Reviews",Intel Core i3 Processor (13th Gen),8 GB LPDDR4X RAM,64 bit Windows 11 Operating System,512 GB SSD,39.62 cm (15.6 Inch) Display,,1 Year Onsite Warranty
Apple Macbook Neo A18 Pro(2026) A18 Pro - (8 GB/512 GB SSD/Tahoe) MHFC4HN/A,"₹82,990",4.7,82 Reviews,Apple A18 Pro Processor,8 GB Unified Memory RAM,Mac OS Operating System,512 GB SSD,33.02 cm (13 inch) Display,,1 Year Limited Warranty
ASUS ROG Strix SCAR 16 (2025) with Office 2024 + M365 Basic* Intel Core Ultra 9 275HX - (32 GB/2 TB SS...,"₹3,69,990",4.6,1 Reviews,Intel Core Ultra 9 Processor,32 GB DDR5 RAM,Windows 11 Home Operating System,2 TB SSD,40.64 cm (16 Inch) Display,"Microsoft Office Home 2024 (Lifetime Validity) + Microsoft 365 Basic*(1 Year Validity), McAfee 1 Year",1 Year Onsite Warranty
"ASUS Vivobook S16 (2025) with Office 2024 + M365 Basic*, Metal Body*, Intel Core Ultra 7 255H - (16 GB...","₹1,09,478",,,Intel Core Ultra 7 Processor,16 GB DDR5 RAM,Windows 11 Home Operating System,512 GB SSD,40.64 cm (16 Inch) Display,"Microsoft Office Home 2024 (Lifetime Validity ) + Microsoft 365 Basic*(1-Year Validity), One-Month Membership of Adobe Creative Cloud All Apps, McAfee 1 year",1 Year Onsite Warranty
Apple Macbook Neo A18 Pro(2026) A18 Pro - (8 GB/256 GB SSD/Tahoe) MHFA4HN/A,"₹72,990",4.7,82 Reviews,Apple A18 Pro Processor,8 GB Unified Memory RAM,Mac OS Operating System,256 GB SSD,33.02 cm (13 inch) Display,,1 Year Limited Warranty
"ASUS Vivobook 14 (2025) with Office 2024 + M365 Basic*, Backlit Keyboard, Snapdragon X - (16 GB/512 GB...","₹58,990",4.4,78 Reviews,Snapdragon X Processor,16 GB LPDDR5X RAM,Windows 11 Home Operating System,512 GB SSD,35.56 cm (14 Inch) Display,"Microsoft Office Home 2024 (Lifetime Validity ) + Microsoft 365 Basic*(1-Year Validity), One-Month Membership of Adobe Creative Cloud All Apps",1 Year Onsite Warranty
HP Intel Core i5 13th Gen - (16 GB/512 GB SSD/Windows 11 Home/Intel Integrated intel hd) 14-ek1074TU 2...,"₹91,070",4.3,7 Reviews,Intel Core i5 Processor (13th Gen),16 GB DDR4 RAM,Windows 11 Home Operating System,512 GB SSD,35.56 cm (14 Inch) Touchscreen Display,,1 year Warranty
Lenovo LOQ Intel Core i5 13th Gen 13450HX - (16 GB/512 GB SSD/Windows 11 Home/6 GB Graphics/NVIDIA GeF...,"₹1,17,990",4.5,73 Reviews,Intel Core i5 Processor (13th Gen),16 GB DDR5 RAM,Windows 11 Operating System,512 GB SSD,39.62 cm (15.6 Inch) Display,,1 Year Carry-in Warranty
Lenovo LOQ Intel Core i5 12th Gen 12450HX - (12 GB/512 GB SSD/Windows 11 Home/4 GB Graphics/NVIDIA GeF...,"₹80,090",4.3,147 Reviews,Intel Core i5 Processor (12th Gen),12 GB DDR5 RAM,64 bit Windows 11 Operating System,512 GB SSD,39.62 cm (15.6 Inch) Display,,1Yr Warranty and 1 Yr Accidental Damage Protection
DELL 15 Intel Core i5 13th Gen 1334U - (16 GB/512 GB SSD/Windows 11 Home) 3530 Thin and Light Laptop,"₹67,999",4,4 Reviews,Intel Core i5 Processor (13th Gen),16 GB DDR4 RAM,64 bit Windows 11 Operating System,512 GB SSD,39.62 cm (15.6 Inch) Display,,
MOTOROLA Motobook 60 Pro Full Metal AI PC WUXGA OLED Intel Core Ultra 5 225H - (16 GB/512 GB SSD/Windo...,"₹72,990",4.5,113 Reviews,Intel Core Ultra 5 Processor,16 GB DDR5 RAM,64 bit Windows 11 Operating System,512 GB SSD,35.56 cm (14 inch) Display,,
"ASUS Vivobook 14 (2025) with Office 2024 + M365 Basic*, Backlit Keyboard, Snapdragon X - (16 GB/512 GB...","₹58,990",4.4,78 Reviews,Snapdragon X Processor,16 GB LPDDR5X RAM,Windows 11 Home Operating System,512 GB SSD,35.56 cm (14 Inch) Display,"Microsoft Office Home 2024 (Lifetime Validity ) + Microsoft 365 Basic*(1-Year Validity), One-Month Membership of Adobe Creative Cloud All Apps",1 Year Onsite Warranty
Lenovo Intel Core i7 13th Gen 13650HX - (16 GB/1 TB SSD/Windows 11 Home/8 GB Graphics/NVIDIA GeForce R...,"₹1,46,601",4.5,29 Reviews,Intel Core i7 Processor (13th Gen),16 GB DDR5 RAM,Windows 11 Home Operating System,1 TB SSD,39.62 cm (15.6 inch) Display,,
Acer Aspire One Intel Celeron Dual Core N4500 - (12 GB/256 GB SSD/Windows 11 Home) A114-45 Thin and Li...,"₹38,990",4,1 Reviews,Intel Celeron Dual Core Processor,12 GB LPDDR4X RAM,64 bit Windows 11 Operating System,256 GB SSD,35.56 cm (14 Inch) Display,,1 Year Onsite Warranty
"Apple MacBook Air (M5, 2026) M5 - (16 GB/512 GB SSD/Tahoe) MDHA4HN/A","₹1,40,990",4.7,135 Reviews,Apple M5 Processor,16 GB Unified Memory RAM,Mac OS Operating System,512 GB SSD,34.54 cm (13.6 inch) Display,,1 Year Limited Warranty
Apple Macbook Neo A18 Pro(2026) A18 Pro - (8 GB/512 GB SSD/Tahoe) MHFE4HN/A,"₹82,990",4.7,82 Reviews,Apple A18 Pro Processor,8 GB Unified Memory RAM,Mac OS Operating System,512 GB SSD,33.02 cm (13 inch) Display,,1 Year Limited Warranty
HP 15s Metal Intel Core i3 13th Gen 1315U - (8 GB/512 GB SSD/Windows 11 Home) 15-hr0005TU Thin and Lig...,"₹56,990",,,Intel Core i3 Processor (13th Gen),8 GB DDR4 RAM,Windows 11 Home Operating System,512 GB SSD,39.62 cm (15.6 inch) Display,MS Office Home 2024 + MISC PC Game Pass DA 3M,1 Year Onsite Warranty
Acer Aspire Lite AMD Ryzen 5 Hexa Core 5625U - (8 GB/512 GB SSD/Windows 11 Home) AL15-41 Thin and Ligh...,"₹51,490",4.1,253 Reviews,AMD Ryzen 5 Hexa Core Processor,8 GB DDR4 RAM,Windows 11 Operating System,512 GB SSD,39.62 cm (15.6 Inch) Display,,1 Year Carry-in Warranty
MSI Thin 15 Intel Core i7 13th Gen 13620H - (16 GB/512 GB SSD/Windows 11 Home/4 GB Graphics/NVIDIA GeF...,"₹79,990",4.5,5 Reviews,Intel Core i7 Processor (13th Gen),16 GB DDR4 RAM,Windows 11 Operating System,512 GB SSD,39.62 cm (15.6 Inch) Display,,2 Year Onsite Warranty
Acer TravelLite AMD Ryzen 3 Octa Core - (8 GB/512 GB SSD/Windows 11 Home) TL04-41M Notebook,"₹44,990",4.1,3 Reviews,AMD Ryzen 3 Octa Core Processor,8 GB DDR4 RAM,64 bit Windows 11 Home Operating System,512 GB SSD,35.56 cm (14 inch) Display,,
Apple Macbook Neo A18 Pro(2026) A18 Pro - (8 GB/256 GB SSD/Tahoe) MHFH4HN/A,"₹72,990",4.7,82 Reviews,Apple A18 Pro Processor,8 GB Unified Memory RAM,Mac OS Operating System,256 GB SSD,33.02 cm (13 inch) Display,,1 Year Limited Warranty
MOTOROLA Motobook 60 Pro Full Metal AI PC 2.8K OLED Intel Core Ultra 5 225H - (16 GB/512 GB SSD/Window...,"₹77,990",4.5,113 Reviews,Intel Core Ultra 5 Processor,16 GB DDR5 RAM,64 bit Windows 11 Operating System,512 GB SSD,35.56 cm (14 inch) Display,,1 Year Onsite Warranty
"ASUS Vivobook S14 (2025) with Office 2024 + M365 Basic*, AI PC, Backlit Keyboard, Snapdragon X - (16 G...","₹68,990",4.5,150 Reviews,Snapdragon X Processor,16 GB LPDDR5X RAM,Windows 11 Home Operating System,512 GB SSD,35.56 cm (14 Inch) Display,"Microsoft Office Home 2024 (Lifetime Validity ) + Microsoft 365 Basic*(1-Year Validity), One-Month Membership of Adobe Creative Cloud All Apps",1 Year Onsite Warranty
ASUS Chromebook Intel Celeron Dual Core N4500 - (8 GB/128 GB EMMC Storage/Chrome OS) CX1500CKA-NJ0395 ...,"₹23,990",3.8,272 Reviews,Intel Celeron Dual Core Processor,8 GB LPDDR4X RAM,64 bit Chrome Operating System,,39.62 cm (15.6 Inch) Display,,1 Year Onsite Warranty
Lenovo 100e Chromebook Gen 4 MediaTek MediaTek Kompanio 528 - (4 GB/64 GB EMMC Storage/Chrome OS) 100e...,"₹23,612",3.9,138 Reviews,MediaTek MediaTek Kompanio 528 Processor,4 GB LPDDR4X RAM,Chrome Operating System,,29.46 cm (11.6 Inch) Display,,1 Year Carry-in Warranty
ASUS ROG Strix G16 (2025) with Office 2024 + M365 Basic* Intel Core Ultra 9 275HX - (16 GB/1 TB SSD/Wi...,"₹1,99,990",4.7,6 Reviews,Intel Core Ultra 9 Processor,16 GB DDR5 RAM,Windows 11 Home Operating System,1 TB SSD,40.64 cm (16 Inch) Display,"Microsoft Office Home 2024 (Lifetime Validity ) + Microsoft 365 Basic*(1-Year Validity), , McAfee 1 year, Xbox Game Pass for 3 months",1 Year Onsite Warranty
DELL Intel Core Ultra 7 14th Gen - (16 GB/1 TB SSD/Windows 11 Home/8 GB Graphics) IN53304FVGF00I0RSI T...,"₹1,10,634",2.7,0 Reviews,Intel Core Ultra 7 Processor (14th Gen),16 GB LPDDR5X RAM,Windows 11 Home Operating System,1 TB SSD,33.78 cm (13.3 Inch) Display,,
DELL Alienware 16 Aurora (i7 14th Gen) Microsoft Office Home 2024 Intel Core 7 240H - (16 GB/1 TB SSD/...,"₹1,50,990",4.4,1 Reviews,Intel Core 7 Processor,16 GB DDR5 RAM,Windows 11 Operating System,1 TB SSD,40.64 cm (16 $Inch) Display,Microsoft Office Home 2024 | Alienware Command Center,
HP 14 AI PC Intel Core Ultra 7 155H - (16 GB/1 TB SSD/Windows 11 Home) 14-ep1152TU Thin and Light Lapt...,"₹90,900",4.1,87 Reviews,Intel Core Ultra 7 Processor,16 GB DDR5 RAM,Windows 11 Home Operating System,1 TB SSD,35.56 cm (14 Inch) Display,,1 Year Onsite Warranty
Lenovo LOQ Intel Core i7 13th Gen 13650HX - (16 GB/512 GB SSD/Windows 11 Home/6 GB Graphics/NVIDIA GeF...,"₹1,09,990",4.2,14 Reviews,Intel Core i7 Processor (13th Gen),16 GB DDR5 RAM,Windows 11 Operating System,512 GB SSD,39.62 cm (15.6 Inch) Display,,1Yr Warranty and 1 Yr Accidental Damage Protection
"ASUS Vivobook 14 (2025) with Office 2024 + M365 Basic*, Backlit Keyboard, Intel Core i3 13th Gen 1315U...","₹49,999",4.3,217 Reviews,Intel Core i3 Processor (13th Gen),8 GB DDR4 RAM,Windows 11 Home Operating System,512 GB SSD,35.56 cm (14 Inch) Display,"Microsoft Office Home 2024 (Lifetime Validity ) + Microsoft 365 Basic*(1-Year Validity), One-Month Membership of Adobe Creative Cloud All Apps, McAfee 1 year",1 Year Onsite Warranty
DELL G15 Intel Core i5 13th Gen 13450HX - (16 GB/512 GB SSD/Windows 11 Home/6 GB Graphics/NVIDIA GeFor...,"₹1,06,990",4.2,88 Reviews,Intel Core i5 Processor (13th Gen),16 GB DDR5 RAM,Windows 11 Operating System,512 GB SSD,39.62 cm (15.6 Inch) Display,,
Acer Aspire Intel Core i5 12th Gen 12450H - (16 GB/512 GB SSD/Windows 11 Home) AL15-52H Thin and Light...,"₹64,990",4.1,237 Reviews,Intel Core i5 Processor (12th Gen),16 GB LPDDR5 RAM,Windows 11 Home Operating System,512 GB SSD,39.62 cm (15.6 Inch) Display,,1 Year Carry-in Warranty
ASUS ExpertBook P1 Intel Core i7 13th Gen 13620H - (16 GB/512 GB SSD/Windows 11 Home) P1503CVA-S71042W...,"₹79,990",4.3,103 Reviews,Intel Core i7 Processor (13th Gen),16 GB DDR5 RAM,64 bit Windows 11 Home Operating System,512 GB SSD,39.62 cm (15.6 Inch) Display,"Included Software- Microsoft Office Home 2024(includes Word, Excel, PowerPoint, and OneNote) (Lifetime Validity ) + Microsoft 365 Basic*(1-Year Validity), McAfee+TM Premium (1 year Validity)",1 Year Onsite Warranty
DELL 15 (Previously Inspiron) AI Powered Intel Core Ultra 7 225H - (16 GB/512 GB SSD/Windows 11 Home) ...,"₹94,900",,,Intel Core Ultra 7 Processor,16 GB DDR5 RAM,Windows 11 Home Operating System,512 GB SSD,39.62 cm (15.6 inch) Display,,
HP Pavilion 15 AMD Ryzen 7 Octa Core 7730U - (16 GB/512 GB SSD/Windows 11 Home) 15-eh3101AU Thin and L...,"₹75,794",4.8,0 Reviews,AMD Ryzen 7 Octa Core Processor,16 GB DDR4 RAM,64 bit Windows 11 Operating System,512 GB SSD,39.62 cm (15.6 Inch) Display,,1 Year Onsite Warranty
Lenovo LOQ Intel Core i7 13th Gen 13650HX - (16 GB/512 GB SSD/Windows 11 Home/6 GB Graphics/NVIDIA GeF...,"₹1,17,990",4.4,17 Reviews,Intel Core i7 Processor (13th Gen),16 GB DDR5 RAM,Windows 11 Home Operating System,512 GB SSD,39.62 cm (15.6 Inch) Display,,1 Year Onsite Warranty
Lenovo LOQ Intel Core i5 12th Gen 12450HX - (16 GB/512 GB SSD/Windows 11 Home/6 GB Graphics/NVIDIA GeF...,"₹1,20,998",4.3,101 Reviews,Intel Core i5 Processor (12th Gen),16 GB DDR5 RAM,64 bit Windows 11 Operating System,512 GB SSD,39.62 cm (15.6 Inch) Display,,1Yr Warranty and 1 Yr Accidental Damage Protection
Acer Nitro V 15 Intel Core i7 13th Gen 13620H - (16 GB/512 GB SSD/Windows 11 Home/8 GB Graphics/NVIDIA...,"₹1,18,102",4.5,7 Reviews,Intel Core i7 Processor (13th Gen),16 GB DDR4 RAM,64 bit Windows 11 Home Operating System,512 GB SSD,39.62 cm (15.6 Inch) Display,,1 Year Warranty
ASUS Vivobook Go 14 (2026) with Office 2024 + M365 Basic AMD Ryzen 3 Quad Core 30 - (8 GB/512 GB SSD/W...,"₹70,990",4.3,183 Reviews,AMD Ryzen 3 Quad Core Processor,8 GB LPDDR5 RAM,Windows 11 Home Operating System,512 GB SSD,35.56 cm (14 inch) Display,"MSO 2024 for lifetime + Microsoft 365 Basic with 100GB Cloud Storage for 1 Year, One-Month Membership of Adobe Creative Cloud All Apps, McAfee 1 year",1 Year Onsite Warranty
ASUS Expertbook P1 with 1 Yr ADP(i3 14th Gen) Intel Core 3 13th Gen 1315U - (8 GB/512 GB SSD/Windows 1...,"₹50,990",4.3,660 Reviews,Intel Core 3 Processor (13th Gen),8 GB DDR5 RAM,Windows 11 Home Operating System,512 GB SSD,39.62 cm (15.6 Inch) Display,"Included Software- Microsoft Office Home 2024(includes Word, Excel, PowerPoint, and OneNote) (Lifetime Validity ) + Microsoft 365 Basic*(1-Year Validity), McAfee+TM Premium (1 year Validity)",1 Year Onsite Warranty
"ASUS Vivobook 15 (2025) with Office 2024 + M365 Basic*, Intel Core i3 13th Gen 1315U - (16 GB/512 GB S...","₹46,990",4.5,19 Reviews,Intel Core i3 Processor (13th Gen),16 GB DDR4 RAM,Windows 11 Home Operating System,512 GB SSD,39.62 cm (15.6 Inch) Display,"Microsoft Office Home 2024 (Lifetime Validity ) + Microsoft 365 Basic*(1-Year Validity), One-Month Membership of Adobe Creative Cloud All Apps, McAfee 1 year",1 Year Onsite Warranty
HP Laptop Intel Core i3 13th Gen 1315U - (8 GB/512 GB SSD/Windows 11 Home) 15-fd0129TU / 15-fd0568TU T...,"₹55,990",4.2,242 Reviews,Intel Core i3 Processor (13th Gen),8 GB DDR4 RAM,Windows 11 Home Operating System,512 GB SSD,39.62 cm (15.6 Inch) Display,,1 Year Carry-in Warranty
DELL 15 AMD Ryzen 5 Quad Core 7520U - (8 GB/512 GB SSD/Windows 11 Home) 3535 Thin and Light Laptop,"₹53,920",4.1,6 Reviews,AMD Ryzen 5 Quad Core Processor,8 GB LPDDR5 RAM,Windows 11 Operating System,512 GB SSD,39.62 cm (15.6 Inch) Display,,
DELL 14 Next Gen AI PC Microsoft Office Home 2024 Intel Core Ultra 5 226V - (16 GB/512 GB SSD/Windows ...,"₹92,990",4.4,9 Reviews,Intel Core Ultra 5 Processor,16 GB LPDDR5X RAM,Windows 11 Operating System,512 GB SSD,35.56 cm (14 Inch) Touchscreen Display,Microsoft Office Home 2024 | Dell Support Assist,1 Year Onsite Warranty
ASUS ROG Strix SCAR 16 (2025) with Office 2024 + M365 Basic* Intel Core Ultra 9 275HX - (32 GB/2 TB SS...,"₹3,69,990",4.6,1 Reviews,Intel Core Ultra 9 Processor,32 GB DDR5 RAM,Windows 11 Home Operating System,2 TB SSD,40.64 cm (16 Inch) Display,"Microsoft Office Home 2024 (Lifetime Validity) + Microsoft 365 Basic*(1 Year Validity), McAfee 1 Year",1 Year Onsite Warranty
"ASUS Vivobook S16 (2025) with Office 2024 + M365 Basic*, Metal Body*, Intel Core Ultra 7 255H - (16 GB...","₹1,09,478",,,Intel Core Ultra 7 Processor,16 GB DDR5 RAM,Windows 11 Home Operating System,512 GB SSD,40.64 cm (16 Inch) Display,"Microsoft Office Home 2024 (Lifetime Validity ) + Microsoft 365 Basic*(1-Year Validity), One-Month Membership of Adobe Creative Cloud All Apps, McAfee 1 year",1 Year Onsite Warranty
HP Intel Core i5 13th Gen - (16 GB/512 GB SSD/Windows 11 Home/Intel Integrated intel hd) 14-ek1074TU 2...,"₹91,070",4.3,7 Reviews,Intel Core i5 Processor (13th Gen),16 GB DDR4 RAM,Windows 11 Home Operating System,512 GB SSD,35.56 cm (14 Inch) Touchscreen Display,,1 year Warranty
Samsung Galaxy Book6 Pro Intel Core Ultra 7 Series 3 356H - (16 GB/512 GB SSD/Windows 11 Home) NP940XJ...,"₹1,78,990",,,Intel Core Ultra 7 Processor (Series 3),16 GB LPDDR5X RAM,64 bit Windows 11 Home Operating System,512 GB SSD,35.56 cm (14 inch) Touchscreen Display,,1 Year Manufacturer Warranty for Laptop and 6 Months for In-Box Accessories
Acer Aspire Lite Intel Core i3 13th Gen 1305U - (16 GB/512 GB SSD/Windows 11 Home) AL15-53 Notebook,"₹51,990",4.3,27 Reviews,Intel Core i3 Processor (13th Gen),16 GB DDR4 RAM,64 bit Windows 11 Home Operating System,512 GB SSD,39.62 cm (15.6 Inch) Display,,1 Year Warranty
Samsung Galaxy Book4 Metal Intel Core i3 13th Gen 1315U - (8 GB/512 GB SSD/Windows 11 Home) NP750XGJ-L...,"₹49,990",4.4,"1,276 Reviews",Intel Core i3 Processor (13th Gen),8 GB LPDDR4X RAM,64 bit Windows 11 Operating System,512 GB SSD,39.62 cm (15.6 Inch) Display,,1 Year Onsite Warranty
Apple Macbook Neo A18 Pro(2026) A18 Pro - (8 GB/512 GB SSD/Tahoe) MHFC4HN/A,"₹82,990",4.7,82 Reviews,Apple A18 Pro Processor,8 GB Unified Memory RAM,Mac OS Operating System,512 GB SSD,33.02 cm (13 inch) Display,,1 Year Limited Warranty
ASUS ROG Zephyrus G14 (2025) with Office 2024 + M365 Basic* AMD Ryzen 9 Octa Core - (16 GB/1 TB SSD/Wi...,"₹1,99,990",4.3,1 Reviews,AMD Ryzen 9 Octa Core Processor,16 GB LPDDR5X RAM,Windows 11 Home Operating System,1 TB SSD,35.56 cm (14 Inch) Display,"Microsoft Office Home 2024 (Lifetime Validity ) + Microsoft 365 Basic*(1-Year Validity), , McAfee 1 year, Xbox Game Pass for 3 months",1 Year Onsite Warranty
"ASUS Vivobook 16X For Creator, Intel H Series Intel Core i5 13th Gen 13420H - (16 GB/512 GB SSD/Window...","₹93,248",4.3,124 Reviews,Intel Core i5 Processor (13th Gen),16 GB DDR4 RAM,Windows 11 Operating System,512 GB SSD,40.64 cm (16 Inch) Display,,1 Year Onsite Warranty
Apple Macbook Neo A18 Pro(2026) A18 Pro - (8 GB/256 GB SSD/Tahoe) MHFA4HN/A,"₹72,990",4.7,82 Reviews,Apple A18 Pro Processor,8 GB Unified Memory RAM,Mac OS Operating System,256 GB SSD,33.02 cm (13 inch) Display,,1 Year Limited Warranty
"ASUS Vivobook 14 (2025) with Office 2024 + M365 Basic*, Backlit Keyboard, Snapdragon X - (16 GB/512 GB...","₹58,990",4.4,78 Reviews,Snapdragon X Processor,16 GB LPDDR5X RAM,Windows 11 Home Operating System,512 GB SSD,35.56 cm (14 Inch) Display,"Microsoft Office Home 2024 (Lifetime Validity ) + Microsoft 365 Basic*(1-Year Validity), One-Month Membership of Adobe Creative Cloud All Apps",1 Year Onsite Warranty
ASUS VivoBook 14 Intel Core i3 11th Gen 1115G4 - (8 GB/256 GB SSD/Windows 11 Home) X415EA-EK342WS Thin...,"₹50,990",4.3,59 Reviews,Intel Core i3 Processor (11th Gen),8 GB DDR4 RAM,64 bit Windows 11 Operating System,256 GB SSD,35.56 cm (14 Inch) Display,,1 Year Onsite Warranty
HP 15 (2024) AMD Ryzen 3 Quad Core 7320U - (8 GB/512 GB SSD/Windows 11 Home) 15-fc0500AU / 15-fc0154AU...,"₹50,355",4.2,260 Reviews,AMD Ryzen 3 Quad Core Processor,8 GB DDR4 RAM,Windows 11 Operating System,512 GB SSD,39.62 cm (15.6 Inch) Display,,1 Year Onsite Warranty
ASUS Vivobook 16 Intel Core Ultra 5 Series 3 325 - (16 GB/512 GB SSD/Windows 11 Home) X1607AA-MB038WS ...,"₹94,990",,,Intel Core Ultra 5 Processor (Series 3),16 GB DDR5 RAM,Windows 11 Home Operating System,512 GB SSD,40.64 cm (16 inch) Display,"MSO 2024 for lifetime + Microsoft 365 Basic with 100GB Cloud Storage for 1 Year, McAfee 1 year",
DELL Intel Core i3 13th Gen - (8 GB/512 GB SSD/Windows 11 Home) 3530 Thin and Light Laptop,"₹50,500",4.2,28 Reviews,Intel Core i3 Processor (13th Gen),8 GB DDR4 RAM,Windows 11 Operating System,512 GB SSD,39.62 cm (15.6 Inch) Display,,1 year domestic warranty
MOTOROLA Motobook 60 Pro Full Metal AI PC WUXGA OLED Intel Core Ultra 5 225H - (16 GB/512 GB SSD/Windo...,"₹72,990",4.5,113 Reviews,Intel Core Ultra 5 Processor,16 GB DDR5 RAM,64 bit Windows 11 Operating System,512 GB SSD,35.56 cm (14 inch) Display,,
Lenovo IdeaPad Slim 3 with 1Yr ADP Snapdragon X - (16 GB/1 TB SSD/Windows 11 Home) 15Q8X10 Thin and Li...,"₹66,990",4.2,5 Reviews,Snapdragon X Processor,16 GB LPDDR5X RAM,Windows 11 Home Operating System,1 TB SSD,38.86 cm (15.3 inch) Display,,
Acer Chromebook Intel Celeron Dual Core N4500 - (8 GB/128 GB EMMC Storage/Chrome OS) CB314-3H-C5QE/ CB...,"₹33,999",3.8,204 Reviews,Intel Celeron Dual Core Processor,8 GB LPDDR4X RAM,64 bit Chrome Operating System,,39.62 cm (15.6 Inch) Display,,1 Year Onsite Warranty
Lenovo IdeaPad 1 Intel Celeron Dual Core N4020 - (4 GB/256 GB SSD/Windows 11 Home) 11IGL05 Thin and Li...,"₹27,290",3.7,49 Reviews,Intel Celeron Dual Core Processor,4 GB DDR4 RAM,64 bit Windows 11 Operating System,256 GB SSD,29.46 cm (11.6 Inch) Display,,1 Year Onsite�Warranty
"ASUS Vivobook 14 (2025) with Office 2024 + M365 Basic*, Backlit Keyboard, Snapdragon X - (16 GB/512 GB...","₹58,990",4.4,78 Reviews,Snapdragon X Processor,16 GB LPDDR5X RAM,Windows 11 Home Operating System,512 GB SSD,35.56 cm (14 Inch) Display,"Microsoft Office Home 2024 (Lifetime Validity ) + Microsoft 365 Basic*(1-Year Validity), One-Month Membership of Adobe Creative Cloud All Apps",1 Year Onsite Warranty
"Apple MacBook Air (M5, 2026) M5 - (16 GB/512 GB SSD/Tahoe) MDHA4HN/A","₹1,40,990",4.7,135 Reviews,Apple M5 Processor,16 GB Unified Memory RAM,Mac OS Operating System,512 GB SSD,34.54 cm (13.6 inch) Display,,1 Year Limited Warranty
HP 15s AMD Ryzen 5 Quad Core 7520U - (8 GB/512 GB SSD/Windows 11 Home) 15-fc0028AU Thin and Light Lapt...,"₹55,691",4.1,20 Reviews,AMD Ryzen 5 Quad Core Processor,8 GB DDR4 RAM,64 bit Windows 11 Operating System,512 GB SSD,39.62 cm (15.6 Inch) Display,,1 Year Onsite Warranty
DELL 14 (i7 14th Gen) Intel Core 7 240H - (16 GB/512 GB SSD/Windows 11 Home) 7440 Thin and Light Lapto...,"₹94,135",4.7,3 Reviews,Intel Core 7 Processor,16 GB LPDDR5X RAM,Windows 11 Operating System,512 GB SSD,35.56 cm (14 Inch) Display,,1 Year Onsite Warranty
HP Intel Celeron Dual Core N4500 - (8 GB/512 GB SSD/Windows 11 Home) 15s- fq3066TU Thin and Light Lapt...,"₹49,950",3.8,34 Reviews,Intel Celeron Dual Core Processor,8 GB DDR4 RAM,Windows 11 Operating System,512 GB SSD,39.62 cm (15.6 Inch) Display,,1 Year Onsite Warranty
Acer Aspire Lite AMD Ryzen 7 Octa Core 7730U - (16 GB/512 GB SSD/Windows 11 Home) AL15-41 Thin and Lig...,"₹68,338",4.1,49 Reviews,AMD Ryzen 7 Octa Core Processor,16 GB DDR4 RAM,64 bit Windows 11 Operating System,512 GB SSD,39.62 cm (15.6 Inch) Display,,1 Year Onsite Warranty
Apple Macbook Neo A18 Pro(2026) A18 Pro - (8 GB/512 GB SSD/Tahoe) MHFE4HN/A,"₹82,990",4.7,82 Reviews,Apple A18 Pro Processor,8 GB Unified Memory RAM,Mac OS Operating System,512 GB SSD,33.02 cm (13 inch) Display,,1 Year Limited Warranty
Apple Macbook Neo A18 Pro(2026) A18 Pro - (8 GB/256 GB SSD/Tahoe) MHFH4HN/A,"₹72,990",4.7,82 Reviews,Apple A18 Pro Processor,8 GB Unified Memory RAM,Mac OS Operating System,256 GB SSD,33.02 cm (13 inch) Display,,1 Year Limited Warranty
DELL 14 (2025) Intel Core i3 13th Gen 1305U - (8 GB/512 GB SSD/Windows 11 Home) 14 Thin and Light Lapt...,"₹52,780",4,12 Reviews,Intel Core i3 Processor (13th Gen),8 GB DDR5 RAM,64 bit Windows 11 Home Operating System,512 GB SSD,35.56 cm (14 Inch) Display,"Microsoft Office 2021, Windows 11 Pro",
Lenovo LOQ 2025 Intel Core i7 14th Gen 14700HX - (16 GB/1 TB SSD/Windows 11 Home/8 GB Graphics/NVIDIA ...,"₹1,78,990",4.4,5 Reviews,Intel Core i7 Processor (14th Gen),16 GB DDR5 RAM,Windows 11 Home Operating System,1 TB SSD,39.62 cm (15.6 Inch) Display,,1 Year Onsite Warranty
Samsung Galaxy Book4 Metal Intel Core i3 13th Gen 1315U - (8 GB/512 GB SSD/Windows 11 Home) NP750XGJ-L...,"₹49,990",4.4,"1,276 Reviews",Intel Core i3 Processor (13th Gen),8 GB LPDDR4X RAM,64 bit Windows 11 Operating System,512 GB SSD,39.62 cm (15.6 Inch) Display,,1 Year Onsite Warranty
Apple Macbook Neo A18 Pro(2026) A18 Pro - (8 GB/512 GB SSD/Tahoe) MHFC4HN/A,"₹82,990",4.7,82 Reviews,Apple A18 Pro Processor,8 GB Unified Memory RAM,Mac OS Operating System,512 GB SSD,33.02 cm (13 inch) Display,,1 Year Limited Warranty
"ASUS Vivobook 14 Flip OLED (2026) with Touch Screen, Metallic Design, Intel Core Ultra 7 256V - (16 GB...","₹1,09,990",,,Intel Core Ultra 7 Processor,16 GB LPDDR5X RAM,Windows 11 Home Operating System,512 GB SSD,35.56 cm (14 inch) Touchscreen Display,"Microsoft Office Home 2024 (Lifetime Validity ) + Microsoft 365 Basic(1-Year Validity), One-Month Membership of Adobe Creative Cloud All Apps, McAfee 1 year",
"ASUS Vivobook 15, with Backlit Keyboard, Intel Core i7 13th Gen 13620H - (16 GB/512 GB SSD/Windows 11 ...","₹62,990",4.3,48 Reviews,Intel Core i7 Processor (13th Gen),16 GB DDR4 RAM,Windows 11 Home Operating System,512 GB SSD,39.62 cm (15.6 Inch) Display,,1 Year Onsite Warranty
ASUS TUF Gaming A16 (2026) AMD Ryzen 7 260 - (16 GB/512 GB SSD/Windows 11 Home/8 GB Graphics/NVIDIA Ge...,"₹1,99,990",,,AMD Ryzen 7 Processor,16 GB DDR5 RAM,Windows 11 Home Operating System,512 GB SSD,40.64 cm (16 inch) Display,"Microsoft Office Home 2024 (Lifetime Validity ) + Microsoft 365 Basic with 100GB Cloud Storage for 1 Year, McAfee 1 year,",
Lenovo IdeaPad Slim 3 Intel Core i3 13th Gen 1315U - (8 GB/512 GB SSD/Windows 11 Home) IdeaPad Slim 3 ...,"₹52,990",,,Intel Core i3 Processor (13th Gen),8 GB LPDDR5 RAM,Windows 11 Home Operating System,512 GB SSD,39.62 cm (15.6 inch) Display,,
Apple Macbook Neo A18 Pro(2026) A18 Pro - (8 GB/256 GB SSD/Tahoe) MHFA4HN/A,"₹72,990",4.7,82 Reviews,Apple A18 Pro Processor,8 GB Unified Memory RAM,Mac OS Operating System,256 GB SSD,33.02 cm (13 inch) Display,,1 Year Limited Warranty
"ASUS Vivobook 14 (2025) with Office 2024 + M365 Basic*, Backlit Keyboard, Snapdragon X - (16 GB/512 GB...","₹58,990",4.4,78 Reviews,Snapdragon X Processor,16 GB LPDDR5X RAM,Windows 11 Home Operating System,512 GB SSD,35.56 cm (14 Inch) Display,"Microsoft Office Home 2024 (Lifetime Validity ) + Microsoft 365 Basic*(1-Year Validity), One-Month Membership of Adobe Creative Cloud All Apps",1 Year Onsite Warranty
DELL Intel Core i5 12th Gen 1235U - (8 GB/512 GB SSD/Windows 11 Home) New Inspiron 15 Laptop Thin and ...,"₹62,626",4.1,47 Reviews,Intel Core i5 Processor (12th Gen),8 GB DDR4 RAM,64 bit Windows 11 Operating System,512 GB SSD,38.0 cm (14.96 Inch) Display,,
HP Pavilion Plus MSO 2024 Intel Core i5 13th Gen 1335U - (16 GB/512 GB SSD/Windows 11 Home) 14-ew0107T...,"₹82,426",4.3,12 Reviews,Intel Core i5 Processor (13th Gen),16 GB LPDDR5X RAM,Windows 11 Home Operating System,512 GB SSD,35.56 cm (14 Inch) Display,Microsoft Office H&S Edition 2024 + 1yr M365 Basic,1 Year Carry-in Warranty
MOTOROLA Motobook 60 Pro Full Metal AI PC WUXGA OLED Intel Core Ultra 5 225H - (16 GB/512 GB SSD/Windo...,"₹72,990",4.5,113 Reviews,Intel Core Ultra 5 Processor,16 GB DDR5 RAM,64 bit Windows 11 Operating System,512 GB SSD,35.56 cm (14 inch) Display,,
Lenovo IdeaPad Slim 3 with 1Yr ADP Snapdragon X - (16 GB/1 TB SSD/Windows 11 Home) 15Q8X10 Thin and Li...,"₹66,990",4.2,5 Reviews,Snapdragon X Processor,16 GB LPDDR5X RAM,Windows 11 Home Operating System,1 TB SSD,38.86 cm (15.3 inch) Display,,
Acer Aspire Lite AMD Ryzen 3 7330U - (8 GB/512 GB SSD/Windows 11 Home) AL15-41 Notebook,"₹46,999",,,AMD Ryzen 3 Processor,8 GB DDR4 RAM,64 bit Windows 11 Home Operating System,512 GB SSD,39.62 cm (15.6 inch) Display,,
Acer AMD Ryzen 3 Quad Core 5th Gen 5300U - (8 GB/512 GB SSD/Windows 11 Home) AL15-41 Laptop,"₹44,990",4.7,0 Reviews,AMD Ryzen 3 Quad Core Processor (5th Gen),8 GB DDR4 RAM,Windows 11 Home Operating System,512 GB SSD,39.62 cm (15.6 Inch) Display,,1 Year Warranty
"ASUS TUF Gaming A14 (2026) with Office 2024 + M365 Basic, AI PC NPU upto 50TOPS AMD Ryzen AI Max+ - (3...","₹2,11,542",,,AMD Ryzen AI Max+ Processor,32 GB LPDDR5X RAM,Windows 11 Home Operating System,1 TB SSD,35.56 cm (14 inch) Display,"MSO 2024 for lifetime + Microsoft 365 Basic with 100GB Cloud Storage for 1 Year, McAfee 1 year",1 Year Onsite Warranty
Lenovo IdeaPad Slim 1 AMD Ryzen 5 Hexa Core 5500U - (8 GB/512 GB SSD/Windows 11 Home) 15ACL6 | 15ALC7 ...,"₹57,791",4.2,596 Reviews,AMD Ryzen 5 Hexa Core Processor,8 GB DDR4 RAM,64 bit Windows 11 Operating System,512 GB SSD,39.62 cm (15.6 Inch) Display,,
"ASUS Vivobook 14 (2025) with Office 2024 + M365 Basic*, Backlit Keyboard, Snapdragon X - (16 GB/512 GB...","₹58,990",4.4,78 Reviews,Snapdragon X Processor,16 GB LPDDR5X RAM,Windows 11 Home Operating System,512 GB SSD,35.56 cm (14 Inch) Display,"Microsoft Office Home 2024 (Lifetime Validity ) + Microsoft 365 Basic*(1-Year Validity), One-Month Membership of Adobe Creative Cloud All Apps",1 Year Onsite Warranty
"Apple MacBook Air (M5, 2026) M5 - (16 GB/512 GB SSD/Tahoe) MDHA4HN/A","₹1,40,990",4.7,135 Reviews,Apple M5 Processor,16 GB Unified Memory RAM,Mac OS Operating System,512 GB SSD,34.54 cm (13.6 inch) Display,,1 Year Limited Warranty
ASUS Chromebook Intel Celeron Dual Core N4500 - (8 GB/128 GB EMMC Storage/Chrome OS) CX1500CKA-NJ0395 ...,"₹24,891",3.8,272 Reviews,Intel Celeron Dual Core Processor,8 GB LPDDR4X RAM,64 bit Chrome Operating System,,39.62 cm (15.6 Inch) Display,,1 Year Onsite Warranty
ASUS ExpertBook P1 Intel Core i7 13th Gen 13620H - (16 GB/512 GB SSD/Windows 11 Home) P1503CVA-S71042W...,"₹79,990",4.3,103 Reviews,Intel Core i7 Processor (13th Gen),16 GB DDR5 RAM,64 bit Windows 11 Home Operating System,512 GB SSD,39.62 cm (15.6 Inch) Display,"Included Software- Microsoft Office Home 2024(includes Word, Excel, PowerPoint, and OneNote) (Lifetime Validity ) + Microsoft 365 Basic*(1-Year Validity), McAfee+TM Premium (1 year Validity)",1 Year Onsite Warranty
Apple Macbook Neo A18 Pro(2026) A18 Pro - (8 GB/512 GB SSD/Tahoe) MHFE4HN/A,"₹82,990",4.7,82 Reviews,Apple A18 Pro Processor,8 GB Unified Memory RAM,Mac OS Operating System,512 GB SSD,33.02 cm (13 inch) Display,,1 Year Limited Warranty
Apple Macbook Neo A18 Pro(2026) A18 Pro - (8 GB/256 GB SSD/Tahoe) MHFH4HN/A,"₹72,990",4.7,82 Reviews,Apple A18 Pro Processor,8 GB Unified Memory RAM,Mac OS Operating System,256 GB SSD,33.02 cm (13 inch) Display,,1 Year Limited Warranty
HP Victus AMD Ryzen 5 Hexa Core 5600H - (16 GB/512 GB SSD/Windows 11 Home/4 GB Graphics/AMD Radeon RX ...,"₹63,628",4.2,147 Reviews,AMD Ryzen 5 Hexa Core Processor,16 GB DDR4 RAM,64 bit Windows 11 Operating System,512 GB SSD,39.62 cm (15.6 Inch) Display,,1 Year Onsite Warranty
"ASUS Vivobook 15 (2026) with Office 2024 + M365 Basic*, AMD Ryzen 5 Hexa Core 150 - (16 GB/512 GB SSD/...","₹65,990",4.5,14 Reviews,AMD Ryzen 5 Hexa Core Processor,16 GB DDR5 RAM,Windows 11 Home Operating System,512 GB SSD,39.62 cm (15.6 inch) Display,"MSO 2024 for lifetime + Microsoft 365 Basic with 100GB Cloud Storage for 1 Year, One-Month Membership of Adobe Creative Cloud All Apps, McAfee 1 year",1 Year Onsite Warranty
"ASUS Vivobook 16 (2025), Copilot + PC with Backlit Keyboard, AI PC Intel Snapdragon X - (16 GB/512 GB ...","₹69,001",3.8,2 Reviews,Intel Snapdragon X Processor,16 GB LPDDR5X RAM,64 bit Windows 11 Home Operating System,512 GB SSD,40.64 cm (16 Inch) Display,MS Office Provided,1 Year Onsite Warranty
"ASUS Gaming V16 (2025) with Office 2024 + M365 Basic*, AI PC, (i7 14th gen) Intel Core 7 240H - (16 GB...","₹92,990",4.4,11 Reviews,Intel Core 7 Processor,16 GB DDR5 RAM,Windows 11 Home Operating System,512 GB SSD,40.64 cm (16 Inch) Display,"Microsoft Office Home 2024 (Lifetime Validity ) + Microsoft 365 Basic*(1-Year Validity), 
McAfee? 1 year, One-Month Membership of Adobe Creative Cloud All Apps",1 Year Onsite warranty
Samsung Galaxy Book4 Metal Intel Core i3 13th Gen 1315U - (8 GB/512 GB SSD/Windows 11 Home) NP750XGJ-L...,"₹49,990",4.4,"1,276 Reviews",Intel Core i3 Processor (13th Gen),8 GB LPDDR4X RAM,64 bit Windows 11 Operating System,512 GB SSD,39.62 cm (15.6 Inch) Display,,1 Year Onsite Warranty
Apple Macbook Neo A18 Pro(2026) A18 Pro - (8 GB/512 GB SSD/Tahoe) MHFC4HN/A,"₹82,990",4.7,82 Reviews,Apple A18 Pro Processor,8 GB Unified Memory RAM,Mac OS Operating System,512 GB SSD,33.02 cm (13 inch) Display,,1 Year Limited Warranty
HP Victus Intel Core i5 13th Gen 13420H - (16 GB/512 GB SSD/Windows 11 Home/4 GB Graphics/NVIDIA GeFor...,"₹77,990",4.4,57 Reviews,Intel Core i5 Processor (13th Gen),16 GB DDR4 RAM,Windows 11 Home Operating System,512 GB SSD,39.62 cm (15.6 Inch) Display,,1 Year Onsite Warranty
Acer Aspire Lite Intel Core i3 11th Gen 1115G4 - (16 GB/512 GB SSD/Windows 11 Home) AL15-51 Thin and L...,"₹52,990",3.7,0 Reviews,Intel Core i3 Processor (11th Gen),16 GB DDR4 RAM,Windows 11 Operating System,512 GB SSD,39.62 cm (15.6 Inch) Display,,1 Year Carry-in Warranty
Apple Macbook Neo A18 Pro(2026) A18 Pro - (8 GB/256 GB SSD/Tahoe) MHFA4HN/A,"₹72,990",4.7,82 Reviews,Apple A18 Pro Processor,8 GB Unified Memory RAM,Mac OS Operating System,256 GB SSD,33.02 cm (13 inch) Display,,1 Year Limited Warranty
"ASUS Vivobook 14 (2025) with Office 2024 + M365 Basic*, Backlit Keyboard, Snapdragon X - (16 GB/512 GB...","₹58,990",4.4,78 Reviews,Snapdragon X Processor,16 GB LPDDR5X RAM,Windows 11 Home Operating System,512 GB SSD,35.56 cm (14 Inch) Display,"Microsoft Office Home 2024 (Lifetime Validity ) + Microsoft 365 Basic*(1-Year Validity), One-Month Membership of Adobe Creative Cloud All Apps",1 Year Onsite Warranty
HP Victus 15 AMD Ryzen 5 Hexa Core 5600H - (16 GB/512 GB SSD/Windows 11 Home/4 GB Graphics/NVIDIA GeFo...,"₹81,981",4.2,41 Reviews,AMD Ryzen 5 Hexa Core Processor,16 GB DDR4 RAM,Windows 11 Operating System,512 GB SSD,38.86 cm (15.3 Inch) Display,,1 Year Onsite Warranty
Acer Nitro V 15 (i5 14th Gen) Intel Core 5 210H - (16 GB/512 GB SSD/Windows 11 Home/6 GB Graphics/NVID...,"₹1,06,999",4.5,91 Reviews,Intel Core 5 Processor,16 GB DDR5 RAM,64 bit Windows 11 Home Operating System,512 GB SSD,39.62 cm (15.6 Inch) Display,,1 Year Warranty
Lenovo IdeaPad Slim 3 with 1Yr ADP AMD Ryzen 5 Quad Core 7520U - (16 GB/512 GB SSD/Windows 11 Home) 15...,"₹72,190",4.1,25 Reviews,AMD Ryzen 5 Quad Core Processor,16 GB LPDDR5 RAM,Windows 11 Operating System,512 GB SSD,39.62 cm (15.6 Inch) Display,Microsoft Office Home & Student 2021,
Lenovo 100e Chromebook Gen 4 MediaTek Kompanio 520 - (4 GB/32 GB EMMC Storage/Chrome OS) 100e Chromebo...,"₹20,990",4,297 Reviews,MediaTek Kompanio 520 Processor,4 GB LPDDR4X RAM,Chrome Operating System,,29.46 cm (11.6 Inch) Display,,1 Year Carry-in Warranty
MOTOROLA Motobook 60 Pro Full Metal AI PC WUXGA OLED Intel Core Ultra 5 225H - (16 GB/512 GB SSD/Windo...,"₹72,990",4.5,113 Reviews,Intel Core Ultra 5 Processor,16 GB DDR5 RAM,64 bit Windows 11 Operating System,512 GB SSD,35.56 cm (14 inch) Display,,
"ASUS Vivobook 14 (2025) with Office 2024 + M365 Basic*, Backlit Keyboard, Snapdragon X - (16 GB/512 GB...","₹58,990",4.4,78 Reviews,Snapdragon X Processor,16 GB LPDDR5X RAM,Windows 11 Home Operating System,512 GB SSD,35.56 cm (14 Inch) Display,"Microsoft Office Home 2024 (Lifetime Validity ) + Microsoft 365 Basic*(1-Year Validity), One-Month Membership of Adobe Creative Cloud All Apps",1 Year Onsite Warranty
HP 14 with Backlit Keyboard & MSO'2024 Intel Core i7 13th Gen 1355U - (16 GB/512 GB SSD/Windows 11 Hom...,"₹82,490",,,Intel Core i7 Processor (13th Gen),16 GB DDR4 RAM,Windows 11 Home Operating System,512 GB SSD,35.56 cm (14 inch) Display,MS Office Home 2024,
DELL Inspiron 5440 (2026) (i3 14th Gen) Intel Core 3 14th Gen 100U - (8 GB/512 GB SSD/Windows 11 Pro) ...,"₹52,100",4,14 Reviews,Intel Core 3 Processor (14th Gen),8 GB DDR5 RAM,64 bit Windows 11 Operating System,512 GB SSD,35.56 cm (14 inch) Display,"Microsoft Office 2021, Windows 11 Pro",
"Apple MacBook Air (M5, 2026) M5 - (16 GB/512 GB SSD/Tahoe) MDHA4HN/A","₹1,40,990",4.7,135 Reviews,Apple M5 Processor,16 GB Unified Memory RAM,Mac OS Operating System,512 GB SSD,34.54 cm (13.6 inch) Display,,1 Year Limited Warranty
Apple Macbook Neo A18 Pro(2026) A18 Pro - (8 GB/512 GB SSD/Tahoe) MHFE4HN/A,"₹82,990",4.7,82 Reviews,Apple A18 Pro Processor,8 GB Unified Memory RAM,Mac OS Operating System,512 GB SSD,33.02 cm (13 inch) Display,,1 Year Limited Warranty
ASUS TUF Gaming A16 Advantage Edition AMD Ryzen 7 Octa Core 7435HS - (16 GB/512 GB SSD/Windows 11 Home...,"₹99,999",4.4,6 Reviews,AMD Ryzen 7 Octa Core Processor,16 GB DDR5 RAM,Windows 11 Operating System,512 GB SSD,40.64 cm (16 Inch) Display,,1 Year Onsite Warranty
Acer Aspire 3 Intel Core i3 12th Gen 1215U - (8 GB/512 GB SSD/Windows 11 Home) A324-51 Thin and Light ...,"₹43,000",4.3,490 Reviews,Intel Core i3 Processor (12th Gen),8 GB DDR4 RAM,64 bit Windows 11 Operating System,512 GB SSD,35.56 cm (14 Inch) Display,,1 Year Domestic Warranty
"ASUS Vivobook 15 (2025) with Office 2024 + M365 Basic*, Intel Core i3 13th Gen 1315U - (8 GB/512 GB SS...","₹42,990",4.5,10 Reviews,Intel Core i3 Processor (13th Gen),8 GB DDR4 RAM,Windows 11 Home Operating System,512 GB SSD,39.62 cm (15.6 Inch) Display,"Microsoft Office Home 2024 (Lifetime Validity ) + Microsoft 365 Basic*(1-Year Validity), One-Month Membership of Adobe Creative Cloud All Apps, McAfee 1 year",1 Year Onsite Warranty
Acer Swift Neo Office 2024 + M365 Basic Intel Core Ultra 5 115U - (16 GB/512 GB SSD/Windows 11 Home) S...,"₹99,999",4.2,208 Reviews,Intel Core Ultra 5 Processor,16 GB LPDDR5 RAM,64 bit Windows 11 Home Operating System,512 GB SSD,35.56 cm (14 Inch) Display,,1 Year Warranty
Samsung Galaxy Book4 Metal Intel Core i3 13th Gen 1315U - (8 GB/512 GB SSD/Windows 11 Home) NP750XGJ-L...,"₹49,990",4.4,"1,276 Reviews",Intel Core i3 Processor (13th Gen),8 GB LPDDR4X RAM,64 bit Windows 11 Operating System,512 GB SSD,39.62 cm (15.6 Inch) Display,,1 Year Onsite Warranty
Apple Macbook Neo A18 Pro(2026) A18 Pro - (8 GB/512 GB SSD/Tahoe) MHFC4HN/A,"₹82,990",4.7,82 Reviews,Apple A18 Pro Processor,8 GB Unified Memory RAM,Mac OS Operating System,512 GB SSD,33.02 cm (13 inch) Display,,1 Year Limited Warranty
Acer Chromebook Intel Celeron Dual Core N4500 - (8 GB/128 GB EMMC Storage/Chrome OS) CB314-3H-C5QE/ CB...,"₹33,999",3.8,204 Reviews,Intel Celeron Dual Core Processor,8 GB LPDDR4X RAM,64 bit Chrome Operating System,,39.62 cm (15.6 Inch) Display,,1 Year Onsite Warranty
Acer Aspire Lite AMD Ryzen 3 7330U - (8 GB/512 GB SSD/Windows 11 Home) AL15-41 Notebook,"₹46,999",,,AMD Ryzen 3 Processor,8 GB DDR4 RAM,64 bit Windows 11 Home Operating System,512 GB SSD,39.62 cm (15.6 inch) Display,,
Apple Macbook Neo A18 Pro(2026) A18 Pro - (8 GB/256 GB SSD/Tahoe) MHFA4HN/A,"₹72,990",4.7,82 Reviews,Apple A18 Pro Processor,8 GB Unified Memory RAM,Mac OS Operating System,256 GB SSD,33.02 cm (13 inch) Display,,1 Year Limited Warranty
"ASUS Vivobook 14 (2025) with Office 2024 + M365 Basic*, Backlit Keyboard, Snapdragon X - (16 GB/512 GB...","₹58,990",4.4,78 Reviews,Snapdragon X Processor,16 GB LPDDR5X RAM,Windows 11 Home Operating System,512 GB SSD,35.56 cm (14 Inch) Display,"Microsoft Office Home 2024 (Lifetime Validity ) + Microsoft 365 Basic*(1-Year Validity), One-Month Membership of Adobe Creative Cloud All Apps",1 Year Onsite Warranty
ASUS Vivobook 16 (2025) with Office 2024 + M365 Basic* Intel Core i7 13th Gen 13620H - (16 GB/512 GB S...,"₹76,530",4.1,9 Reviews,Intel Core i7 Processor (13th Gen),16 GB DDR4 RAM,Windows 11 Home Operating System,512 GB SSD,40.64 cm (16 Inch) Display,"Microsoft Office Home 2024 (Lifetime Validity ) + Microsoft 365 Basic*(1-Year Validity), McAfee 1 year",1 Year Onsite Warranty
MSI GL Series Intel Core i5 8th Gen 8300H - (8 GB/1 TB HDD/Windows 10 Home/4 GB Graphics/NVIDIA GeForc...,"₹69,990",4.4,437 Reviews,Intel Core i5 Processor (8th Gen),8 GB DDR4 RAM,64 bit Windows 10 Operating System,1 TB HDD,39.62 cm (15.6 Inch) Display,,2 Years Carry In Warranty
ASUS Vivobook 16 Intel Core Ultra 5 Series 3 325 - (16 GB/512 GB SSD/Windows 11 Home) X1607AA-MB038WS ...,"₹94,990",,,Intel Core Ultra 5 Processor (Series 3),16 GB DDR5 RAM,Windows 11 Home Operating System,512 GB SSD,40.64 cm (16 inch) Display,"MSO 2024 for lifetime + Microsoft 365 Basic with 100GB Cloud Storage for 1 Year, McAfee 1 year",
ASUS TUF Gaming F16 (2025) with MSO 2024+M365 Basic (i5 14th Gen) Intel Core 5 - (16 GB/512 GB SSD/Win...,"₹74,990",4.6,23 Reviews,Intel Core 5 Processor,16 GB DDR5 RAM,Windows 11 Home Operating System,512 GB SSD,40.64 cm (16 inch) Display,"Microsoft Office Home 2024 (Lifetime Validity ) + Microsoft 365 Basic(1-Year Validity), McAfee 1 year",1 Year Onsite Warranty
MOTOROLA Motobook 60 Pro Full Metal AI PC WUXGA OLED Intel Core Ultra 5 225H - (16 GB/512 GB SSD/Windo...,"₹72,990",4.5,113 Reviews,Intel Core Ultra 5 Processor,16 GB DDR5 RAM,64 bit Windows 11 Operating System,512 GB SSD,35.56 cm (14 inch) Display,,
"ASUS Vivobook 14 (2025) with Office 2024 + M365 Basic*, Backlit Keyboard, Snapdragon X - (16 GB/512 GB...","₹58,990",4.4,78 Reviews,Snapdragon X Processor,16 GB LPDDR5X RAM,Windows 11 Home Operating System,512 GB SSD,35.56 cm (14 Inch) Display,"Microsoft Office Home 2024 (Lifetime Validity ) + Microsoft 365 Basic*(1-Year Validity), One-Month Membership of Adobe Creative Cloud All Apps",1 Year Onsite Warranty
DELL Intel Core i3 13th Gen - (8 GB/512 GB SSD/Windows 11 Home) 3530 Thin and Light Laptop,"₹50,500",4.2,28 Reviews,Intel Core i3 Processor (13th Gen),8 GB DDR4 RAM,Windows 11 Operating System,512 GB SSD,39.62 cm (15.6 Inch) Display,,1 year domestic warranty
HP Intel Celeron Dual Core N4500 - (8 GB/512 GB SSD/Windows 11 Home) 15s- fq3066TU Thin and Light Lapt...,"₹25,499",3.8,34 Reviews,Intel Celeron Dual Core Processor,8 GB DDR4 RAM,Windows 11 Operating System,512 GB SSD,39.62 cm (15.6 Inch) Display,,1 Year Onsite Warranty
"Apple MacBook Air (M5, 2026) M5 - (16 GB/512 GB SSD/Tahoe) MDHA4HN/A","₹1,40,990",4.7,135 Reviews,Apple M5 Processor,16 GB Unified Memory RAM,Mac OS Operating System,512 GB SSD,34.54 cm (13.6 inch) Display,,1 Year Limited Warranty
Apple Macbook Neo A18 Pro(2026) A18 Pro - (8 GB/512 GB SSD/Tahoe) MHFE4HN/A,"₹82,990",4.7,82 Reviews,Apple A18 Pro Processor,8 GB Unified Memory RAM,Mac OS Operating System,512 GB SSD,33.02 cm (13 inch) Display,,1 Year Limited Warranty
DELL Latitude 3540 Intel Core i3 12th Gen - (8 GB/512 GB SSD/Ubuntu) Latitude 3540 Laptop,"₹50,000",4,8 Reviews,Intel Core i3 Processor (12th Gen),8 GB DDR4 RAM,Linux/Ubuntu Operating System,512 GB SSD,39.62 cm (15.6 Inch) Display,,
HP 15 (2024) AMD Ryzen 3 Quad Core 7320U - (8 GB/512 GB SSD/Windows 11 Home) 15-fc0500AU / 15-fc0154AU...,"₹50,355",4.2,260 Reviews,AMD Ryzen 3 Quad Core Processor,8 GB DDR4 RAM,Windows 11 Operating System,512 GB SSD,39.62 cm (15.6 Inch) Display,,1 Year Onsite Warranty
Acer Aspire 3 Backlit Intel Core i5 12th Gen 1235U - (16 GB/512 GB SSD/Windows 11 Home) A324-51 Thin a...,"₹53,000",4.2,217 Reviews,Intel Core i5 Processor (12th Gen),16 GB DDR4 RAM,64 bit Windows 11 Operating System,512 GB SSD,35.56 cm (14 Inch) Display,,1 Year Domestic Warranty
Lenovo IdeaPad 1 Intel Celeron Dual Core N4020 - (4 GB/256 GB SSD/Windows 11 Home) 11IGL05 Thin and Li...,"₹27,290",3.7,49 Reviews,Intel Celeron Dual Core Processor,4 GB DDR4 RAM,64 bit Windows 11 Operating System,256 GB SSD,29.46 cm (11.6 Inch) Display,,1 Year Onsite�Warranty
Apple Macbook Neo A18 Pro(2026) A18 Pro - (8 GB/256 GB SSD/Tahoe) MHFH4HN/A,"₹72,990",4.7,82 Reviews,Apple A18 Pro Processor,8 GB Unified Memory RAM,Mac OS Operating System,256 GB SSD,33.02 cm (13 inch) Display,,1 Year Limited Warranty
MOTOROLA Motobook 60 Pro Full Metal AI PC 2.8K OLED Intel Core Ultra 5 225H - (16 GB/512 GB SSD/Window...,"₹77,990",4.5,113 Reviews,Intel Core Ultra 5 Processor,16 GB DDR5 RAM,64 bit Windows 11 Operating System,512 GB SSD,35.56 cm (14 inch) Display,,1 Year Onsite Warranty
Acer Aspire 3 Intel Pentium Quad Core N6000 - (12 GB/512 GB SSD/Windows 11 Home) A325-45 Thin and Ligh...,"₹43,990",3.9,323 Reviews,Intel Pentium Quad Core Processor,12 GB LPDDR4X RAM,Windows 11 Home Operating System,512 GB SSD,39.62 cm (15.6 Inch) Display,,1 Year International Travelers Warranty (ITW)
HP Pavilion Plus MSO 2024 Intel Core i5 13th Gen 1335U - (16 GB/512 GB SSD/Windows 11 Home) 14-ew0107T...,"₹82,426",4.3,12 Reviews,Intel Core i5 Processor (13th Gen),16 GB LPDDR5X RAM,Windows 11 Home Operating System,512 GB SSD,35.56 cm (14 Inch) Display,Microsoft Office H&S Edition 2024 + 1yr M365 Basic,1 Year Carry-in Warranty
Samsung Galaxy Book4 Metal Intel Core i3 13th Gen 1315U - (8 GB/512 GB SSD/Windows 11 Home) NP750XGJ-L...,"₹49,990",4.4,"1,276 Reviews",Intel Core i3 Processor (13th Gen),8 GB LPDDR4X RAM,64 bit Windows 11 Operating System,512 GB SSD,39.62 cm (15.6 Inch) Display,,1 Year Onsite Warranty
Apple Macbook Neo A18 Pro(2026) A18 Pro - (8 GB/512 GB SSD/Tahoe) MHFC4HN/A,"₹82,990",4.7,82 Reviews,Apple A18 Pro Processor,8 GB Unified Memory RAM,Mac OS Operating System,512 GB SSD,33.02 cm (13 inch) Display,,1 Year Limited Warranty
Acer Aspire Lite AMD Ryzen 7 Octa Core 7730U - (16 GB/512 GB SSD/Windows 11 Home) AL15-41 Thin and Lig...,"₹68,338",4.1,49 Reviews,AMD Ryzen 7 Octa Core Processor,16 GB DDR4 RAM,64 bit Windows 11 Operating System,512 GB SSD,39.62 cm (15.6 Inch) Display,,1 Year Onsite Warranty
Acer Nitro V AMD Ryzen 5 Hexa Core 7535HS - (16 GB/512 GB SSD/Windows 11 Home/6 GB Graphics/NVIDIA GeF...,"₹85,999",4.3,50 Reviews,AMD Ryzen 5 Hexa Core Processor,16 GB DDR5 RAM,64 bit Windows 11 Operating System,512 GB SSD,39.62 cm (15.6 Inch) Display,,1 Year International Travelers Warranty (ITW)
Acer Aspire 3 (2025) Intel Core i5 13th Gen 1334U - (16 GB/512 GB SSD/Windows 11 Home) Aspire 3 A325-5...,"₹66,500",4.1,14 Reviews,Intel Core i5 Processor (13th Gen),16 GB DDR4 RAM,64 bit Windows 11 Home Operating System,512 GB SSD,39.62 cm (15.6 Inch) Display,"Microsoft Office 2021, Windows 11 Home",3 Years Warranty
ASUS VivoBook 14 Intel Core i3 11th Gen 1115G4 - (8 GB/256 GB SSD/Windows 11 Home) X415EA-EK342WS Thin...,"₹50,990",4.3,59 Reviews,Intel Core i3 Processor (11th Gen),8 GB DDR4 RAM,64 bit Windows 11 Operating System,256 GB SSD,35.56 cm (14 Inch) Display,,1 Year Onsite Warranty
Apple Macbook Neo A18 Pro(2026) A18 Pro - (8 GB/256 GB SSD/Tahoe) MHFA4HN/A,"₹72,990",4.7,82 Reviews,Apple A18 Pro Processor,8 GB Unified Memory RAM,Mac OS Operating System,256 GB SSD,33.02 cm (13 inch) Display,,1 Year Limited Warranty
"ASUS Vivobook 14 (2025) with Office 2024 + M365 Basic*, Backlit Keyboard, Snapdragon X - (16 GB/512 GB...","₹58,990",4.4,78 Reviews,Snapdragon X Processor,16 GB LPDDR5X RAM,Windows 11 Home Operating System,512 GB SSD,35.56 cm (14 Inch) Display,"Microsoft Office Home 2024 (Lifetime Validity ) + Microsoft 365 Basic*(1-Year Validity), One-Month Membership of Adobe Creative Cloud All Apps",1 Year Onsite Warranty
"ASUS Vivobook 15, with Backlit Keyboard, Intel Core i7 13th Gen 13620H - (16 GB/512 GB SSD/Windows 11 ...","₹62,990",4.3,48 Reviews,Intel Core i7 Processor (13th Gen),16 GB DDR4 RAM,Windows 11 Home Operating System,512 GB SSD,39.62 cm (15.6 Inch) Display,,1 Year Onsite Warranty
ASUS Expertbook P3 Metal High-performance processor with 1 Yr ADP Intel Core i5 13th Gen 13420H - (16 ...,"₹76,990",4.4,82 Reviews,Intel Core i5 Processor (13th Gen),16 GB DDR5 RAM,Windows 11 Home Operating System,512 GB SSD,35.56 cm (14 Inch) Display,"Included Software- Microsoft Office Home 2024(includes Word, Excel, PowerPoint, and OneNote) (Lifetime Validity ) + Microsoft 365 Basic*(1-Year Validity), McAfee+TM Premium (1 year Validity)",1 Year Onsite Warranty
MOTOROLA Motobook 60 Pro Full Metal AI PC WUXGA OLED Intel Core Ultra 5 225H - (16 GB/512 GB SSD/Windo...,"₹72,990",4.5,113 Reviews,Intel Core Ultra 5 Processor,16 GB DDR5 RAM,64 bit Windows 11 Operating System,512 GB SSD,35.56 cm (14 inch) Display,,
"ASUS Vivobook 14 (2025) with Office 2024 + M365 Basic*, Backlit Keyboard, Snapdragon X - (16 GB/512 GB...","₹58,990",4.4,78 Reviews,Snapdragon X Processor,16 GB LPDDR5X RAM,Windows 11 Home Operating System,512 GB SSD,35.56 cm (14 Inch) Display,"Microsoft Office Home 2024 (Lifetime Validity ) + Microsoft 365 Basic*(1-Year Validity), One-Month Membership of Adobe Creative Cloud All Apps",1 Year Onsite Warranty
HP 15s Backlit Keyboard AMD Ryzen 3 Quad Core 7320U - (8 GB/512 GB SSD/Windows 11 Home) 15-fc0026AU Th...,"₹50,990",4.2,83 Reviews,AMD Ryzen 3 Quad Core Processor,8 GB LPDDR5 RAM,64 bit Windows 11 Operating System,512 GB SSD,39.62 cm (15.6 Inch) Display,,1 Year Onsite Warranty
Infinix B15 Series AMD Ryzen 5 Hexa Core 5500U - (16 GB/512 GB SSD/Windows 11 Home) BL51A5 Thin and Li...,"₹59,990",4.1,23 Reviews,AMD Ryzen 5 Hexa Core Processor,16 GB DDR4 RAM,Windows 11 Operating System,512 GB SSD,39.62 cm (15.6 Inch) Display,,1 Year Domestic Onsite Warranty On Laptop And 6 Months On Adapter
Acer Aspire Lite Intel Core i5 12th Gen 1235U - (8 GB/512 GB SSD/Windows 11 Home) AL15-52 Thin and Lig...,"₹63,490",3.8,17 Reviews,Intel Core i5 Processor (12th Gen),8 GB DDR4 RAM,Windows 11 Operating System,512 GB SSD,39.62 cm (15.6 Inch) Display,,1 Year Carry-in Warranty
ASUS ROG Zephyrus G16 (2025) with Office 2024 + M365 Basic* Intel Core Ultra 9 285H - (32 GB/2 TB SSD/...,"₹3,59,990",4.9,0 Reviews,Intel Core Ultra 9 Processor,32 GB LPDDR5X RAM,Windows 11 Home Operating System,2 TB SSD,40.64 cm (16 Inch) Display,"Microsoft Office Home 2024 (Lifetime Validity) + Microsoft 365 Basic*(1 Year Validity), McAfee 1 Year",1 Year Onsite Warranty
"Apple MacBook Air (M5, 2026) M5 - (16 GB/512 GB SSD/Tahoe) MDHA4HN/A","₹1,40,990",4.7,135 Reviews,Apple M5 Processor,16 GB Unified Memory RAM,Mac OS Operating System,512 GB SSD,34.54 cm (13.6 inch) Display,,1 Year Limited Warranty
Apple Macbook Neo A18 Pro(2026) A18 Pro - (8 GB/512 GB SSD/Tahoe) MHFE4HN/A,"₹82,990",4.7,82 Reviews,Apple A18 Pro Processor,8 GB Unified Memory RAM,Mac OS Operating System,512 GB SSD,33.02 cm (13 inch) Display,,1 Year Limited Warranty
Primebook Wifi MediaTek MT8183 - (4 GB/64 GB EMMC Storage/Prime OS) PB Wifi Thin and Light Laptop,"₹17,490",4.2,873 Reviews,MediaTek MT8183 Processor,4 GB LPDDR4 RAM,Android Operating System,,29.46 cm (11.6 Inch) Display,,1 Year Pick and Drop Warranty
ASUS Vivobook Go 15 OLED AMD Ryzen 3 Quad Core 7320U - (8 GB/512 GB SSD/Windows 11 Home) E1504FA-LK321...,"₹45,990",4.4,500 Reviews,AMD Ryzen 3 Quad Core Processor,8 GB LPDDR5 RAM,64 bit Windows 11 Operating System,512 GB SSD,39.62 cm (15.6 Inch) Display,,1 Year Onsite Warranty
Apple Macbook Neo A18 Pro(2026) A18 Pro - (8 GB/256 GB SSD/Tahoe) MHFH4HN/A,"₹72,990",4.7,82 Reviews,Apple A18 Pro Processor,8 GB Unified Memory RAM,Mac OS Operating System,256 GB SSD,33.02 cm (13 inch) Display,,1 Year Limited Warranty
MOTOROLA Motobook 60 Pro Full Metal AI PC 2.8K OLED Intel Core Ultra 5 225H - (16 GB/512 GB SSD/Window...,"₹77,990",4.5,113 Reviews,Intel Core Ultra 5 Processor,16 GB DDR5 RAM,64 bit Windows 11 Operating System,512 GB SSD,35.56 cm (14 inch) Display,,1 Year Onsite Warranty
Lenovo 100e Chromebook Gen 4 MediaTek Kompanio 520 - (8 GB/64 GB EMMC Storage/Chrome OS) 100e Chromebo...,"₹24,561",4,297 Reviews,MediaTek Kompanio 520 Processor,8 GB LPDDR4X RAM,Chrome Operating System,,29.46 cm (11.6 Inch) Display,,1 Year Carry In Warranty
DELL 14 (i7 14th Gen) Intel Core 7 240H - (16 GB/512 GB SSD/Windows 11 Home) 7440 Thin and Light Lapto...,"₹94,135",4.7,3 Reviews,Intel Core 7 Processor,16 GB LPDDR5X RAM,Windows 11 Operating System,512 GB SSD,35.56 cm (14 Inch) Display,,1 Year Onsite Warranty
ASUS Vivobook 16X (2025) with Office 2024 + M365 Basic* Intel Core i5 13th Gen 13420H - (16 GB/512 GB ...,"₹92,990",4.3,124 Reviews,Intel Core i5 Processor (13th Gen),16 GB DDR4 RAM,Windows 11 Home Operating System,512 GB SSD,40.64 cm (16 Inch) Display,"Microsoft Office Home 2024 (Lifetime Validity ) + Microsoft 365 Basic*(1-Year Validity), One-Month Membership of Adobe Creative Cloud All Apps, McAfee 1 year",1 Year Onsite Warranty
HP Chromebook Intel Celeron Dual Core N4020 - (4 GB/64 GB EMMC Storage/Chrome OS) 14a-ca0505TU Chromeb...,"₹33,899",3.9,60 Reviews,Intel Celeron Dual Core Processor,4 GB LPDDR4 RAM,64 bit Chrome Operating System,,35.56 cm (14 Inch) Touchscreen Display,,1 Year onsite warranty
Samsung Galaxy Book4 Metal Intel Core i3 13th Gen 1315U - (8 GB/512 GB SSD/Windows 11 Home) NP750XGJ-L...,"₹49,990",4.4,"1,276 Reviews",Intel Core i3 Processor (13th Gen),8 GB LPDDR4X RAM,64 bit Windows 11 Operating System,512 GB SSD,39.62 cm (15.6 Inch) Display,,1 Year Onsite Warranty
Apple Macbook Neo A18 Pro(2026) A18 Pro - (8 GB/512 GB SSD/Tahoe) MHFC4HN/A,"₹82,990",4.7,82 Reviews,Apple A18 Pro Processor,8 GB Unified Memory RAM,Mac OS Operating System,512 GB SSD,33.02 cm (13 inch) Display,,1 Year Limited Warranty
"ASUS Gaming V16 (2025) for Creator with Office 2024 + M365 Basic*, AI PC(i7 14th gen) Intel Core 7 240...","₹1,09,990",4.4,8 Reviews,Intel Core 7 Processor,16 GB DDR5 RAM,Windows 11 Home Operating System,512 GB SSD,40.64 cm (16 Inch) Display,"Microsoft Office Home 2024 (Lifetime Validity ) + Microsoft 365 Basic*(1-Year Validity), One-Month Membership of Adobe Creative Cloud All Apps, McAfee 1 year",1 Year Onsite Warranty
HP 14s Intel Core i5 11th Gen 1135G7 - (8 GB/512 GB SSD/Windows 10 Home) 14s- DR2016TU Thin and Light ...,"₹65,990",4.2,22 Reviews,Intel Core i5 Processor (11th Gen),8 GB DDR4 RAM,64 bit Windows 10 Operating System,512 GB SSD,35.56 cm (14 Inch) Display,"Microsoft Office Home & Student 2019, HP Documentation, HP Smart",1 Year Onsite Warranty
Apple Macbook Neo A18 Pro(2026) A18 Pro - (8 GB/256 GB SSD/Tahoe) MHFA4HN/A,"₹72,990",4.7,82 Reviews,Apple A18 Pro Processor,8 GB Unified Memory RAM,Mac OS Operating System,256 GB SSD,33.02 cm (13 inch) Display,,1 Year Limited Warranty
"ASUS Vivobook 14 (2025) with Office 2024 + M365 Basic*, Backlit Keyboard, Snapdragon X - (16 GB/512 GB...","₹58,990",4.4,78 Reviews,Snapdragon X Processor,16 GB LPDDR5X RAM,Windows 11 Home Operating System,512 GB SSD,35.56 cm (14 Inch) Display,"Microsoft Office Home 2024 (Lifetime Validity ) + Microsoft 365 Basic*(1-Year Validity), One-Month Membership of Adobe Creative Cloud All Apps",1 Year Onsite Warranty
Lenovo V15 Series AMD Ryzen 5 Quad Core 7520U - (8 GB/512 GB SSD/Windows 11 Home) V15 Thin and Light L...,"₹59,878",4,8 Reviews,AMD Ryzen 5 Quad Core Processor,8 GB DDR5 RAM,Windows 11 Operating System,512 GB SSD,39.62 cm (15.6 Inch) Display,,1 Year Onsite Warranty
Lenovo LOQ Intel Core i5 12th Gen 12450H - (16 GB/512 GB SSD/Windows 11 Home/8 GB Graphics/NVIDIA GeFo...,"₹93,990",4.3,46 Reviews,Intel Core i5 Processor (12th Gen),16 GB DDR5 RAM,Windows 11 Operating System,512 GB SSD,39.62 cm (15.6 Inch) Display,,1Yr Warranty and 1 Yr Accidental Damage Protection
HP Pavilion Intel Core i7 12th Gen 1255U - (16 GB/1 TB SSD/Windows 11 Home) 14-dv2015TU Thin and Light...,"₹81,323",4.1,26 Reviews,Intel Core i7 Processor (12th Gen),16 GB DDR4 RAM,64 bit Windows 11 Operating System,1 TB SSD,35.56 cm (14 Inch) Display,"Microsoft Office Home & Student 2021, HP Documentation, HP BIOS recovery, HP Smart",1 Year Onsite Warranty
Acer Chromebook Plus Google AI Intel Core i3 N305 - (8 GB/256 GB SSD/Chrome OS) CB514-4H-39T7 Chromebo...,"₹49,999",3.9,103 Reviews,Intel Core i3 Processor,8 GB LPDDR5 RAM,64 bit Chrome Operating System,256 GB SSD,35.56 cm (14 Inch) Display,,1 Year Carry-in Warranty
MOTOROLA Motobook 60 Pro Full Metal AI PC WUXGA OLED Intel Core Ultra 5 225H - (16 GB/512 GB SSD/Windo...,"₹72,990",4.5,113 Reviews,Intel Core Ultra 5 Processor,16 GB DDR5 RAM,64 bit Windows 11 Operating System,512 GB SSD,35.56 cm (14 inch) Display,,
Lenovo IdeaPad Slim 3 with 1Yr ADP Snapdragon X - (16 GB/1 TB SSD/Windows 11 Home) 15Q8X10 Thin and Li...,"₹66,990",4.2,5 Reviews,Snapdragon X Processor,16 GB LPDDR5X RAM,Windows 11 Home Operating System,1 TB SSD,38.86 cm (15.3 inch) Display,,
Lenovo Legion Pro 5 WQXGA OLED Intel Core Ultra 7 255HX - (32 GB/1 TB SSD/Windows 11 Home/8 GB Graphic...,"₹2,27,490",,,Intel Core Ultra 7 Processor,32 GB DDR5 RAM,Windows 11 Home Operating System,1 TB SSD,40.64 cm (16 inch) Display,,
HP Laptop AMD Ryzen 3 Quad Core 5300U - (8 GB/512 GB SSD/Windows 11 Home) 15s- eq2212AU Thin and Light...,"₹51,990",4.2,260 Reviews,AMD Ryzen 3 Quad Core Processor,8 GB DDR4 RAM,Windows 11 Operating System,512 GB SSD,39.37 cm (15.5 Inch) Display,,1 Year Onsite Warranty
"ASUS Vivobook 14 (2025) with Office 2024 + M365 Basic*, Backlit Keyboard, Snapdragon X - (16 GB/512 GB...","₹58,990",4.4,78 Reviews,Snapdragon X Processor,16 GB LPDDR5X RAM,Windows 11 Home Operating System,512 GB SSD,35.56 cm (14 Inch) Display,"Microsoft Office Home 2024 (Lifetime Validity ) + Microsoft 365 Basic*(1-Year Validity), One-Month Membership of Adobe Creative Cloud All Apps",1 Year Onsite Warranty
"Apple MacBook Air (M5, 2026) M5 - (16 GB/512 GB SSD/Tahoe) MDHA4HN/A","₹1,40,990",4.7,135 Reviews,Apple M5 Processor,16 GB Unified Memory RAM,Mac OS Operating System,512 GB SSD,34.54 cm (13.6 inch) Display,,1 Year Limited Warranty
HP 250R G10 (2025) (i3 14th Gen) Intel Core 3 14th Gen 100U - (16 GB/512 GB SSD/Windows 11 Pro) 250R G...,"₹62,580",4.2,5 Reviews,Intel Core 3 Processor (14th Gen),16 GB DDR4 RAM,64 bit Windows 11 Operating System,512 GB SSD,39.62 cm (15.6 Inch) Display,"Microsoft Office 2021, Windows 11 Pro",
ASUS Chromebook Intel Celeron Dual Core N4500 - (4 GB/128 GB EMMC Storage/Chrome OS) CX1500CKA-NJ0413 ...,"₹28,690",3.8,304 Reviews,Intel Celeron Dual Core Processor,4 GB LPDDR4X RAM,Chrome Operating System,,39.62 cm (15.6 Inch) Display,,1 Year Onsite Warranty
Acer Nitro V 15 Intel Core i5 13th Gen 13420H - (16 GB/512 GB SSD/Windows 11 Home/8 GB Graphics/NVIDIA...,"₹1,09,990",4.2,44 Reviews,Intel Core i5 Processor (13th Gen),16 GB DDR4 RAM,64 bit Windows 11 Home Operating System,512 GB SSD,39.62 cm (15.6 Inch) Display,,1 Year Warranty
Lenovo IdeaPad Slim 3 Intel Core i3 13th Gen 1315U - (8 GB/512 GB SSD/Windows 11 Home) IdeaPad Slim 3 ...,"₹54,990",4.1,1 Reviews,Intel Core i3 Processor (13th Gen),8 GB LPDDR5 RAM,Windows 11 Home Operating System,512 GB SSD,39.62 cm (15.6 Inch) Display,,1 Year Onsite Warranty
Apple Macbook Neo A18 Pro(2026) A18 Pro - (8 GB/512 GB SSD/Tahoe) MHFE4HN/A,"₹82,990",4.7,82 Reviews,Apple A18 Pro Processor,8 GB Unified Memory RAM,Mac OS Operating System,512 GB SSD,33.02 cm (13 inch) Display,,1 Year Limited Warranty
Apple Macbook Neo A18 Pro(2026) A18 Pro - (8 GB/256 GB SSD/Tahoe) MHFH4HN/A,"₹72,990",4.7,82 Reviews,Apple A18 Pro Processor,8 GB Unified Memory RAM,Mac OS Operating System,256 GB SSD,33.02 cm (13 inch) Display,,1 Year Limited Warranty
HP 240 G8 Intel Core i3 11th Gen 1115G4 - (8 GB/512 GB SSD/Windows 11 Home) 240 G8 Business Laptop,"₹47,000",4.1,14 Reviews,Intel Core i3 Processor (11th Gen),8 GB DDR4 RAM,32 bit Windows 11 Operating System,512 GB SSD,35.56 cm (14 Inch) Display,,1 year warranty
Lenovo IdeaPad Slim 3 AMD Ryzen 5 Quad Core 7520U - (16 GB/512 GB SSD/Windows 11 Home) IdeaPad Slim 3 ...,"₹62,800",,,AMD Ryzen 5 Quad Core Processor,16 GB LPDDR5 RAM,Windows 11 Home Operating System,512 GB SSD,39.62 cm (15.6 inch) Display,"Microsoft 365 Basic, Office Home 2024",
Samsung Galaxy Book4 Metal Intel Core i3 13th Gen 1315U - (8 GB/512 GB SSD/Windows 11 Home) NP750XGJ-L...,"₹49,990",4.4,"1,276 Reviews",Intel Core i3 Processor (13th Gen),8 GB LPDDR4X RAM,64 bit Windows 11 Operating System,512 GB SSD,39.62 cm (15.6 Inch) Display,,1 Year Onsite Warranty
Apple Macbook Neo A18 Pro(2026) A18 Pro - (8 GB/512 GB SSD/Tahoe) MHFC4HN/A,"₹82,990",4.7,82 Reviews,Apple A18 Pro Processor,8 GB Unified Memory RAM,Mac OS Operating System,512 GB SSD,33.02 cm (13 inch) Display,,1 Year Limited Warranty
"ASUS Vivobook 16X (2025) for Creator with Office 2024 + M365 Basic, Intel Core i5 13th Gen 13420H - (1...","₹1,04,990",4.3,124 Reviews,Intel Core i5 Processor (13th Gen),16 GB DDR4 RAM,Windows 11 Home Operating System,512 GB SSD,40.64 cm (16 Inch) Display,"Microsoft Office Home 2024 (Lifetime Validity ) + Microsoft 365 Basic (1-Year Validity),�McAfee -1 year, One-Month Membership of Adobe Creative Cloud All Apps",1 Year Onsite Warranty
ASUS Vivobook Go 15 AMD Ryzen 3 Quad Core 7320U - (8 GB/512 GB SSD/Windows 11 Home) E1504FA-NJ322WS Th...,"₹51,990",4.2,307 Reviews,AMD Ryzen 3 Quad Core Processor,8 GB LPDDR5 RAM,64 bit Windows 11 Home Operating System,512 GB SSD,39.62 cm (15.6 Inch) Display,,1 Year Onsite Warranty
Acer Aspire 15 AMD Ryzen 5 Hexa Core 7430U - (8 GB/512 GB SSD/Windows 11 Home) A325-42 Thin and Light ...,"₹56,999",4.2,421 Reviews,AMD Ryzen 5 Hexa Core Processor,8 GB DDR4 RAM,Windows 11 Operating System,512 GB SSD,39.62 cm (15.6 Inch) Display,,1 Year Carry-in Warranty
HP Intel Core i3 13th Gen 1315U - (8 GB/512 GB SSD/Windows 11 Home) 15-fd0568TU Thin and Light Laptop,"₹58,190",4.2,12 Reviews,Intel Core i3 Processor (13th Gen),8 GB DDR4 RAM,Windows 11 Home Operating System,512 GB SSD,39.62 cm (15.6 Inch) Display,MS Office Home 2024 + MISC PC Game Pass DA 3M,1 Year Onsite Warranty
Apple Macbook Neo A18 Pro(2026) A18 Pro - (8 GB/256 GB SSD/Tahoe) MHFA4HN/A,"₹72,990",4.7,82 Reviews,Apple A18 Pro Processor,8 GB Unified Memory RAM,Mac OS Operating System,256 GB SSD,33.02 cm (13 inch) Display,,1 Year Limited Warranty
"ASUS Vivobook 14 (2025) with Office 2024 + M365 Basic*, Backlit Keyboard, Snapdragon X - (16 GB/512 GB...","₹58,990",4.4,78 Reviews,Snapdragon X Processor,16 GB LPDDR5X RAM,Windows 11 Home Operating System,512 GB SSD,35.56 cm (14 Inch) Display,"Microsoft Office Home 2024 (Lifetime Validity ) + Microsoft 365 Basic*(1-Year Validity), One-Month Membership of Adobe Creative Cloud All Apps",1 Year Onsite Warranty
HP 15s Intel Core i5 12th Gen 1235U - (8 GB/512 GB SSD/Windows 11 Home) 15s-fy5002TU Thin and Light La...,"₹70,064",4.3,388 Reviews,Intel Core i5 Processor (12th Gen),8 GB DDR4 RAM,64 bit Windows 11 Operating System,512 GB SSD,39.62 cm (15.6 Inch) Display,,1 Year Onsite Warranty
HP Intel Intel Core i5 11th Gen 1155G7 - (8 GB/512 GB SSD/Windows 11 Home) 15s- fr4000TU Thin and Ligh...,"₹64,980",4.3,282 Reviews,Intel Core i5 Processor (11th Gen),8 GB DDR4 RAM,64 bit Windows 11 Operating System,512 GB SSD,39.62 cm (15.6 Inch) Display,,1 Year Onsite Warranty
MOTOROLA Motobook 60 Pro Full Metal AI PC WUXGA OLED Intel Core Ultra 5 225H - (16 GB/512 GB SSD/Windo...,"₹72,990",4.5,113 Reviews,Intel Core Ultra 5 Processor,16 GB DDR5 RAM,64 bit Windows 11 Operating System,512 GB SSD,35.56 cm (14 inch) Display,,
"ASUS Vivobook 14 (2025) with Office 2024 + M365 Basic*, Backlit Keyboard, Snapdragon X - (16 GB/512 GB...","₹58,990",4.4,78 Reviews,Snapdragon X Processor,16 GB LPDDR5X RAM,Windows 11 Home Operating System,512 GB SSD,35.56 cm (14 Inch) Display,"Microsoft Office Home 2024 (Lifetime Validity ) + Microsoft 365 Basic*(1-Year Validity), One-Month Membership of Adobe Creative Cloud All Apps",1 Year Onsite Warranty
"ASUS Vivobook 16 (2025) with Office 2024 + M365 Basic*, Metallic Design, H-Series Intel Core i7 13th G...","₹92,990",3.9,3 Reviews,Intel Core i7 Processor (13th Gen),16 GB DDR4 RAM,Windows 11 Home Operating System,512 GB SSD,40.64 cm (16 Inch) Display,"Microsoft Office Home 2024 (Lifetime Validity ) + Microsoft 365 Basic*(1-Year Validity), McAfee 1 year",1 Year Onsite Warranty
"ASUS Vivobook 16 (2026) AI PC with Office 2024 + M365 Basic*, Copilot+ PC AMD Ryzen AI 7 Hexa Core 445...","₹92,990",4.7,1 Reviews,AMD Ryzen AI 7 Hexa Core Processor,16 GB DDR5 RAM,Windows 11 Home Operating System,512 GB SSD,40.64 cm (16 inch) Display,"Microsoft Office Home 2024 (Lifetime Validity ) + Microsoft 365 Basic*(1-Year Validity), One-Month Membership of Adobe Creative Cloud All Apps, McAfee 1 year",1 Year Onsite Warranty
HP Essentials(i5 14th Gen) Intel Core 5 13th Gen 120U - (8 GB/1 TB SSD/Windows 11 Home) 15-FD0549TU Th...,"₹79,990",4.4,0 Reviews,Intel Core 5 Processor (13th Gen),8 GB DDR4 RAM,Windows 11 Home Operating System,1 TB SSD,39.62 cm (15.6 Inch) Display,,1 Year Warranty and Only 6 Months Warranty on Battery and Adaptor
ASUS ROG Strix SCAR 15 (2021) AMD Ryzen 9 Octa Core 5900HX - (32 GB/1 TB SSD/Windows 10 Home/8 GB Grap...,"₹2,27,990",4.8,2 Reviews,AMD Ryzen 9 Octa Core Processor,32 GB DDR4 RAM,64 bit Windows 10 Operating System,1 TB SSD,39.62 cm (15.6 Inch) Display,Microsoft Office Home and Student 2019,1 Year Onsite Warranty
"Apple MacBook Air (M5, 2026) M5 - (16 GB/512 GB SSD/Tahoe) MDHA4HN/A","₹1,40,990",4.7,135 Reviews,Apple M5 Processor,16 GB Unified Memory RAM,Mac OS Operating System,512 GB SSD,34.54 cm (13.6 inch) Display,,1 Year Limited Warranty
Apple Macbook Neo A18 Pro(2026) A18 Pro - (8 GB/512 GB SSD/Tahoe) MHFE4HN/A,"₹82,990",4.7,82 Reviews,Apple A18 Pro Processor,8 GB Unified Memory RAM,Mac OS Operating System,512 GB SSD,33.02 cm (13 inch) Display,,1 Year Limited Warranty
HP AMD Ryzen 5 - (8 GB/512 GB SSD/Windows 11 Home/4 GB Graphics/AMD Radeon AMD Radeon™ RX 6500M Graphi...,"₹65,990",2.8,1 Reviews,AMD Ryzen 5 Processor,8 GB DDR4 RAM,Windows 11 Home Operating System,512 GB SSD,39.62 cm (15.6 Inch) Display,,1 Year Warranty
"DELL Inspiron 15 3520 with Backlit Keyboard, Intel Core i5 12th Gen - (16 GB/512 GB SSD/Windows 11 Hom...","₹69,900",4.2,43 Reviews,Intel Core i5 Processor (12th Gen),16 GB DDR4 RAM,64 bit Windows 11 Operating System,512 GB SSD,39.62 cm (15.6 Inch) Display,,1 Year Onsite Warranty
Apple Macbook Neo A18 Pro(2026) A18 Pro - (8 GB/256 GB SSD/Tahoe) MHFH4HN/A,"₹72,990",4.7,82 Reviews,Apple A18 Pro Processor,8 GB Unified Memory RAM,Mac OS Operating System,256 GB SSD,33.02 cm (13 inch) Display,,1 Year Limited Warranty
MOTOROLA Motobook 60 Pro Full Metal AI PC 2.8K OLED Intel Core Ultra 5 225H - (16 GB/512 GB SSD/Window...,"₹77,990",4.5,113 Reviews,Intel Core Ultra 5 Processor,16 GB DDR5 RAM,64 bit Windows 11 Operating System,512 GB SSD,35.56 cm (14 inch) Display,,1 Year Onsite Warranty
HP AMD Ryzen 5 Quad Core 7th Gen - (8 GB/512 GB SSD/Windows 11 Home) 245 G10 Laptop,"₹58,999",4.3,1 Reviews,AMD Ryzen 5 Quad Core Processor (7th Gen),8 GB LPDDR4 RAM,Windows 11 Home Operating System,512 GB SSD,35.56 cm (14 Inch) Display,,
"ASUS Gaming V16 (2025) for Creator with Office 2024 + M365 Basic*, AI PC(i7 14th gen) Intel Core 7 240...","₹1,09,990",4.4,8 Reviews,Intel Core 7 Processor,16 GB DDR5 RAM,Windows 11 Home Operating System,512 GB SSD,40.64 cm (16 Inch) Display,"Microsoft Office Home 2024 (Lifetime Validity ) + Microsoft 365 Basic*(1-Year Validity), One-Month Membership of Adobe Creative Cloud All Apps, McAfee 1 year",1 Year Onsite Warranty
Lenovo LOQ Intel Core i5 12th Gen 12450HX - (16 GB/512 GB SSD/Windows 11 Home/6 GB Graphics/NVIDIA GeF...,"₹97,500",4,40 Reviews,Intel Core i5 Processor (12th Gen),16 GB DDR5 RAM,Windows 11 Operating System,512 GB SSD,39.62 cm (15.6 Inch) Display,,1Yr Warranty and 1 Yr Accidental Damage Protection
"HP Professional 14, Intel Core i5 13th Gen 1334U - (16 GB/512 GB SSD/Windows 11 Pro) 240 G10 Thin and ...","₹78,475",4.5,9 Reviews,Intel Core i5 Processor (13th Gen),16 GB DDR4X RAM,64 bit Windows 11 Operating System,512 GB SSD,35.56 cm (14 Inch) Display,MS OFFICE,
Samsung Galaxy Book4 Metal Intel Core i3 13th Gen 1315U - (8 GB/512 GB SSD/Windows 11 Home) NP750XGJ-L...,"₹49,990",4.4,"1,276 Reviews",Intel Core i3 Processor (13th Gen),8 GB LPDDR4X RAM,64 bit Windows 11 Operating System,512 GB SSD,39.62 cm (15.6 Inch) Display,,1 Year Onsite Warranty
Apple Macbook Neo A18 Pro(2026) A18 Pro - (8 GB/512 GB SSD/Tahoe) MHFC4HN/A,"₹82,990",4.7,82 Reviews,Apple A18 Pro Processor,8 GB Unified Memory RAM,Mac OS Operating System,512 GB SSD,33.02 cm (13 inch) Display,,1 Year Limited Warranty
HP Omnibook Intel Core i5 13th Gen 1334U - (16 GB/512 GB SSD/Windows 11 Home) 16-ba1789TU Laptop,"₹73,000",,,Intel Core i5 Processor (13th Gen),16 GB LPDDR5X RAM,Windows 11 Operating System,512 GB SSD,40.64 cm (16 inch) Display,,
HP AMD Ryzen 5 Hexa Core 7530U - (8 GB/512 GB SSD/Windows 11 Home) 15-fc0388AU Thin and Light Laptop,"₹58,990",3.6,0 Reviews,AMD Ryzen 5 Hexa Core Processor,8 GB DDR4 RAM,Windows 11 Home Operating System,512 GB SSD,39.62 cm (15.6 inch) Display,MS Office Home 2024 + 1 year M365 Basic,1 Year Onsite Warranty
Apple Macbook Neo A18 Pro(2026) A18 Pro - (8 GB/256 GB SSD/Tahoe) MHFA4HN/A,"₹72,990",4.7,82 Reviews,Apple A18 Pro Processor,8 GB Unified Memory RAM,Mac OS Operating System,256 GB SSD,33.02 cm (13 inch) Display,,1 Year Limited Warranty
"ASUS Vivobook 14 (2025) with Office 2024 + M365 Basic*, Backlit Keyboard, Snapdragon X - (16 GB/512 GB...","₹58,990",4.4,78 Reviews,Snapdragon X Processor,16 GB LPDDR5X RAM,Windows 11 Home Operating System,512 GB SSD,35.56 cm (14 Inch) Display,"Microsoft Office Home 2024 (Lifetime Validity ) + Microsoft 365 Basic*(1-Year Validity), One-Month Membership of Adobe Creative Cloud All Apps",1 Year Onsite Warranty
MSI Modern 14 Intel Core i5 13th Gen 1334U - (16 GB/512 GB SSD/Windows 11 Home) Modern 14 C13M-116IN T...,"₹73,439",4.2,24 Reviews,Intel Core i5 Processor (13th Gen),16 GB DDR4 RAM,64 bit Windows 11 Operating System,512 GB SSD,35.56 cm (14 Inch) Display,Microsoft Office Home & Student�2021,1 Year On-Site Warranty
DELL Alienware 16 Aurora (i7 14th Gen) Microsoft Office Home 2024 Intel Core 7 240H - (16 GB/1 TB SSD/...,"₹1,54,598",4.2,3 Reviews,Intel Core 7 Processor,16 GB DDR5 RAM,Windows 11 Operating System,1 TB SSD,40.64 cm (16 Inch) Display,Microsoft Office Home 2024 | Alienware Command Center,1 Year Onsite Warranty
ASUS ROG Ally AMD Ryzen Z1 Extreme Extreme - (16 GB/512 GB SSD/Windows 11 Home) RC71L-NH001W Handheld ...,"₹83,990",4.4,172 Reviews,AMD Ryzen Z1 Extreme Processor,16 GB LPDDR5 RAM,64 bit Windows 11 Operating System,512 GB SSD,17.78 cm (7 Inch) Touchscreen Display,,1 Year Onsite Warranty
Lenovo LOQ Intel Core i5 12th Gen 12450H - (16 GB/512 GB SSD/Windows 11 Home/8 GB Graphics/NVIDIA GeFo...,"₹93,990",4.3,46 Reviews,Intel Core i5 Processor (12th Gen),16 GB DDR5 RAM,Windows 11 Operating System,512 GB SSD,39.62 cm (15.6 Inch) Display,,1Yr Warranty and 1 Yr Accidental Damage Protection
MOTOROLA Motobook 60 Pro Full Metal AI PC WUXGA OLED Intel Core Ultra 5 225H - (16 GB/512 GB SSD/Windo...,"₹72,990",4.5,113 Reviews,Intel Core Ultra 5 Processor,16 GB DDR5 RAM,64 bit Windows 11 Operating System,512 GB SSD,35.56 cm (14 inch) Display,,
"ASUS Vivobook 14 (2025) with Office 2024 + M365 Basic*, Backlit Keyboard, Snapdragon X - (16 GB/512 GB...","₹58,990",4.4,78 Reviews,Snapdragon X Processor,16 GB LPDDR5X RAM,Windows 11 Home Operating System,512 GB SSD,35.56 cm (14 Inch) Display,"Microsoft Office Home 2024 (Lifetime Validity ) + Microsoft 365 Basic*(1-Year Validity), One-Month Membership of Adobe Creative Cloud All Apps",1 Year Onsite Warranty
MSI Thin 15 Intel Core i7 12th Gen 12650H - (16 GB/512 GB SSD/Windows 11 Home/6 GB Graphics/NVIDIA GeF...,"₹98,890",4.8,1 Reviews,Intel Core i7 Processor (12th Gen),16 GB DDR4 RAM,Windows 11 Operating System,512 GB SSD,39.62 cm (15.6 Inch) Display,,2 Year Onsite Warranty
HP AMD Ryzen AI 7 Octa Core Ryzen AI 7 350 - (16 GB/512 GB SSD/Windows 11 Home) ag1048au Laptop,"₹89,439",,,AMD Ryzen AI 7 Octa Core Processor,16 GB LPDDR5X RAM,Windows 11 Home Operating System,512 GB SSD,40.64 cm (16 inch) Touchscreen Display,,1 Year Onsite Warranty from HP
"Apple MacBook Air (M5, 2026) M5 - (16 GB/512 GB SSD/Tahoe) MDHA4HN/A","₹1,40,990",4.7,135 Reviews,Apple M5 Processor,16 GB Unified Memory RAM,Mac OS Operating System,512 GB SSD,34.54 cm (13.6 inch) Display,,1 Year Limited Warranty
Apple Macbook Neo A18 Pro(2026) A18 Pro - (8 GB/512 GB SSD/Tahoe) MHFE4HN/A,"₹82,990",4.7,82 Reviews,Apple A18 Pro Processor,8 GB Unified Memory RAM,Mac OS Operating System,512 GB SSD,33.02 cm (13 inch) Display,,1 Year Limited Warranty
Acer Aspire Lite Intel Core i3 13th Gen 1305U - (8 GB/512 GB SSD/Windows 11 Home) AL15-53 Thin and Lig...,"₹48,490",,,Intel Core i3 Processor (13th Gen),8 GB DDR4 RAM,Windows 11 Operating System,512 GB SSD,39.62 cm (15.6 inch) Display,,
HP 255R G10 (2026) Professional DDR5 5600Mhz AMD Ryzen 5 Hexa Core - (8 GB/512 GB SSD/Windows 11 Pro) ...,"₹58,991",4.3,3 Reviews,AMD Ryzen 5 Hexa Core Processor,8 GB DDR5 RAM,64 bit Windows 11 Operating System,512 GB SSD,39.62 cm (15.6 Inch) Display,"Microsoft Office 2021, Windows 11 Pro",
ASUS Chromebook Intel Celeron Dual Core N4500 - (4 GB/128 GB EMMC Storage/Chrome OS) CX1500CKA-NJ0413 ...,"₹28,690",3.8,304 Reviews,Intel Celeron Dual Core Processor,4 GB LPDDR4X RAM,Chrome Operating System,,39.62 cm (15.6 Inch) Display,,1 Year Onsite Warranty
Acer Aspire 15 AMD Ryzen 5 Hexa Core - (16 GB/512 GB SSD/Windows 11 Home) UN.34QSI.002 / UN.35MSI.OOD ...,"₹65,938",,,AMD Ryzen 5 Hexa Core Processor,16 GB DDR4 RAM,64 bit Windows 11 Operating System,512 GB SSD,2.54 cm (1 inch) Display,,1 Year Carry-in Warranty
Samsung Galaxy Book4 Metal Intel Core i3 13th Gen 1315U - (8 GB/512 GB SSD/Windows 11 Home) NP750XGJ-L...,"₹49,990",4.4,"1,276 Reviews",Intel Core i3 Processor (13th Gen),8 GB LPDDR4X RAM,64 bit Windows 11 Operating System,512 GB SSD,39.62 cm (15.6 Inch) Display,,1 Year Onsite Warranty
Apple Macbook Neo A18 Pro(2026) A18 Pro - (8 GB/512 GB SSD/Tahoe) MHFC4HN/A,"₹82,990",4.7,82 Reviews,Apple A18 Pro Processor,8 GB Unified Memory RAM,Mac OS Operating System,512 GB SSD,33.02 cm (13 inch) Display,,1 Year Limited Warranty
ASUS Vivobook Go 15 AMD Ryzen 5 Quad Core 7520U - (16 GB/512 GB SSD/Windows 11 Home) E1504FA-NJ5542WS ...,"₹62,500",4.3,115 Reviews,AMD Ryzen 5 Quad Core Processor,16 GB LPDDR5 RAM,Windows 11 Home Operating System,512 GB SSD,39.62 cm (15.6 Inch) Display,Microsoft Office Home 2024 + Microsoft 365 Basic,1 Year Carry-in Warranty
MSI Modern 15 Intel Core i7 13th Gen 1355U - (16 GB/512 GB SSD/Windows 11 Home) Modern 15 B13M-288IN T...,"₹64,990",4,8 Reviews,Intel Core i7 Processor (13th Gen),16 GB DDR4 RAM,Windows 11 Operating System,512 GB SSD,39.62 cm (15.6 Inch) Display,,1 Year Carry-in Warranty
Apple Macbook Neo A18 Pro(2026) A18 Pro - (8 GB/256 GB SSD/Tahoe) MHFA4HN/A,"₹72,990",4.7,82 Reviews,Apple A18 Pro Processor,8 GB Unified Memory RAM,Mac OS Operating System,256 GB SSD,33.02 cm (13 inch) Display,,1 Year Limited Warranty
"ASUS Vivobook 14 (2025) with Office 2024 + M365 Basic*, Backlit Keyboard, Snapdragon X - (16 GB/512 GB...","₹58,990",4.4,78 Reviews,Snapdragon X Processor,16 GB LPDDR5X RAM,Windows 11 Home Operating System,512 GB SSD,35.56 cm (14 Inch) Display,"Microsoft Office Home 2024 (Lifetime Validity ) + Microsoft 365 Basic*(1-Year Validity), One-Month Membership of Adobe Creative Cloud All Apps",1 Year Onsite Warranty
Lenovo V14 Intel Core i5 12th Gen - (8 GB/512 GB SSD/Windows 11 Home) V14 Business Laptop,"₹61,990",4.1,0 Reviews,Intel Core i5 Processor (12th Gen),8 GB DDR4 RAM,64 bit Windows 11 Operating System,512 GB SSD,35.56 cm (14 Inch) Display,,
DELL PRO 15 (2026) DDR5 5600Mhz (i3 14th Gen) Intel Core 3 14th Gen 100U - (16 GB/512 GB SSD/Windows 1...,"₹65,990",3.8,1 Reviews,Intel Core 3 Processor (14th Gen),16 GB DDR5 RAM,64 bit Windows 11 Operating System,512 GB SSD,39.62 cm (15.6 inch) Display,"Microsoft Office 2021, Windows 11 Pro",
Lenovo LOQ Intel Core i5 12th Gen 12450HX - (16 GB/512 GB SSD/Windows 11 Home/6 GB Graphics/NVIDIA GeF...,"₹92,990",4,8 Reviews,Intel Core i5 Processor (12th Gen),16 GB DDR5 RAM,Windows 11 Operating System,512 GB SSD,39.62 cm (15.6 Inch) Display,,1 Year Carry-in Warranty
"ASUS Vivobook 16X for Creator, Intel Core i7 12th Gen 12700H - (16 GB/512 GB SSD/Windows 11 Home/4 GB ...","₹97,500",4.2,18 Reviews,Intel Core i7 Processor (12th Gen),16 GB DDR4 RAM,Windows 11 Operating System,512 GB SSD,40.64 cm (16 Inch) Display,,1 Year Onsite Warranty
MOTOROLA Motobook 60 Pro Full Metal AI PC WUXGA OLED Intel Core Ultra 5 225H - (16 GB/512 GB SSD/Windo...,"₹72,990",4.5,113 Reviews,Intel Core Ultra 5 Processor,16 GB DDR5 RAM,64 bit Windows 11 Operating System,512 GB SSD,35.56 cm (14 inch) Display,,
Lenovo IdeaPad Slim 3 with 1Yr ADP Snapdragon X - (16 GB/1 TB SSD/Windows 11 Home) 15Q8X10 Thin and Li...,"₹66,990",4.2,5 Reviews,Snapdragon X Processor,16 GB LPDDR5X RAM,Windows 11 Home Operating System,1 TB SSD,38.86 cm (15.3 inch) Display,,
HP Intel Core i5 13th Gen 1334U - (16 GB/1 TB SSD/Windows 11 Home) 15-fd0552TU Thin and Light Laptop,"₹82,890",3.9,5 Reviews,Intel Core i5 Processor (13th Gen),16 GB DDR4 RAM,Windows 11 Home Operating System,1 TB SSD,39.62 cm (15.6 Inch) Display,MSO Home 2024 + 1yr M365 Basic & MISC PC Game Pass DA 3M,1 Year Onsite Warranty
HP 15s Intel Core i3 13th Gen 1315U - (8 GB/512 GB SSD/Windows 11 Home) 15-fd0006TU / 15-fd0569TU Thin...,"₹53,990",4.2,63 Reviews,Intel Core i3 Processor (13th Gen),8 GB DDR4 RAM,64 bit Windows 11 Operating System,512 GB SSD,39.62 cm (15.6 Inch) Display,,1 Year Onsite Warranty
"ASUS Vivobook 14 (2025) with Office 2024 + M365 Basic*, Backlit Keyboard, Snapdragon X - (16 GB/512 GB...","₹58,990",4.4,78 Reviews,Snapdragon X Processor,16 GB LPDDR5X RAM,Windows 11 Home Operating System,512 GB SSD,35.56 cm (14 Inch) Display,"Microsoft Office Home 2024 (Lifetime Validity ) + Microsoft 365 Basic*(1-Year Validity), One-Month Membership of Adobe Creative Cloud All Apps",1 Year Onsite Warranty
"Apple MacBook Air (M5, 2026) M5 - (16 GB/512 GB SSD/Tahoe) MDHA4HN/A","₹1,40,990",4.7,135 Reviews,Apple M5 Processor,16 GB Unified Memory RAM,Mac OS Operating System,512 GB SSD,34.54 cm (13.6 inch) Display,,1 Year Limited Warranty
HP Intel Core i3 12th Gen 1215U - (8 GB/512 GB SSD/Windows 11 Home) 14s-dq5138tu Thin and Light Laptop,"₹57,505",4.2,597 Reviews,Intel Core i3 Processor (12th Gen),8 GB DDR4 RAM,Windows 11 Operating System,512 GB SSD,39.62 cm (15.6 Inch) Display,,1 Year Onsite warranty
Acer Swift Neo OLED AI PC Intel Core Ultra 5 - (16 GB/1 TB SSD/Windows 11 Home) UN.35GSI.004 / UN.35GS...,"₹75,890",,,Intel Core Ultra 5 Processor,16 GB LPDDR5 RAM,64 bit Windows 11 Home Operating System,1 TB SSD,2.54 cm (1 inch) Display,,1 Year Warranty
Lenovo IdeaPad Slim 3 WUXGA IPS Intel Core i5 13th Gen 13420H - (16 GB/512 GB SSD/Windows 11 Home) 15I...,"₹70,481",4.3,33 Reviews,Intel Core i5 Processor (13th Gen),16 GB DDR5 RAM,Windows 11 Home Operating System,512 GB SSD,38.86 cm (15.3 inch) Display,Microsoft Office Home 2024,1 Year Carry-in Warranty
ASUS VivoBook 15 AMD Ryzen 7 Octa Core 5800HS - (16 GB/512 GB SSD/Windows 11 Home) M1502QA-EJ742WS Thi...,"₹79,990",4.2,134 Reviews,AMD Ryzen 7 Octa Core Processor,16 GB DDR4 RAM,Windows 11 Operating System,512 GB SSD,39.62 cm (15.6 Inch) Display,,1 Year Onsite Warranty
Apple Macbook Neo A18 Pro(2026) A18 Pro - (8 GB/512 GB SSD/Tahoe) MHFE4HN/A,"₹82,990",4.7,82 Reviews,Apple A18 Pro Processor,8 GB Unified Memory RAM,Mac OS Operating System,512 GB SSD,33.02 cm (13 inch) Display,,1 Year Limited Warranty
Apple Macbook Neo A18 Pro(2026) A18 Pro - (8 GB/256 GB SSD/Tahoe) MHFH4HN/A,"₹72,990",4.7,82 Reviews,Apple A18 Pro Processor,8 GB Unified Memory RAM,Mac OS Operating System,256 GB SSD,33.02 cm (13 inch) Display,,1 Year Limited Warranty
Lenovo IdeaPad Slim 3 Backlit Intel Core i5 12th Gen 12450H - (16 GB/512 GB SSD/Windows 11 Home) 15IAH...,"₹70,481",4.3,96 Reviews,Intel Core i5 Processor (12th Gen),16 GB LPDDR5 RAM,Windows 11 Operating System,512 GB SSD,39.62 cm (15.6 Inch) Display,,
Infinix Intel Core i7 11th Gen 1195G7 - (16 GB/1 TB SSD/Windows 11 Home) INBook X2 Plus Core i7 Thin a...,"₹89,990",4,1 Reviews,Intel Core i7 Processor (11th Gen),16 GB LPDDR4X RAM,Windows 11 Operating System,1 TB SSD,39.62 cm (15.6 Inch) Display,,1 Year Onsite Warranty
Samsung Galaxy Book4 Metal Intel Core i3 13th Gen 1315U - (8 GB/512 GB SSD/Windows 11 Home) NP750XGJ-L...,"₹49,990",4.4,"1,276 Reviews",Intel Core i3 Processor (13th Gen),8 GB LPDDR4X RAM,64 bit Windows 11 Operating System,512 GB SSD,39.62 cm (15.6 Inch) Display,,1 Year Onsite Warranty
Apple Macbook Neo A18 Pro(2026) A18 Pro - (8 GB/512 GB SSD/Tahoe) MHFC4HN/A,"₹82,990",4.7,82 Reviews,Apple A18 Pro Processor,8 GB Unified Memory RAM,Mac OS Operating System,512 GB SSD,33.02 cm (13 inch) Display,,1 Year Limited Warranty
DELL Inspiron Intel Core i3 11th Gen 1115G4 - (8 GB/1 TB HDD/256 GB SSD/Windows 11 Home) Inspiron 3511...,"₹50,998",4.1,7 Reviews,Intel Core i3 Processor (11th Gen),8 GB DDR4 RAM,64 bit Windows 11 Operating System,1 TB HDD|256 GB SSD,39.62 cm (15.6 Inch) Display,,1 Year Onsite Warranty
MSI Thin A15 AMD Ryzen 5 Hexa Core 7535HS - (16 GB/512 GB SSD/Windows 11 Home/4 GB Graphics/NVIDIA GeF...,"₹79,680",4.5,3 Reviews,AMD Ryzen 5 Hexa Core Processor,16 GB DDR5 RAM,Windows 11 Operating System,512 GB SSD,39.62 cm (15.6 Inch) Display,,2 Year Carry-in Warranty
DELL 14 Plus Next Gen AI PC Microsoft Office Home 2024 Intel Core Ultra 5 226V - (16 GB/512 GB SSD/Win...,"₹88,900",4.3,57 Reviews,Intel Core Ultra 5 Processor,16 GB LPDDR5X RAM,Windows 11 Home Operating System,512 GB SSD,35.56 cm (14 Inch) Display,Microsoft Office Home 2024 | Dell Support Assist,
Apple MacBook Pro M3 - (8 GB/512 GB SSD/macOS Sonoma) MTL73HN/A,"₹1,49,900",4.6,6 Reviews,Apple M3 Processor,8 GB Unified Memory RAM,Mac OS Operating System,512 GB SSD,35.56 cm (14 Inch) Display,,1 Year Limited Warranty
Apple Macbook Neo A18 Pro(2026) A18 Pro - (8 GB/256 GB SSD/Tahoe) MHFA4HN/A,"₹72,990",4.7,82 Reviews,Apple A18 Pro Processor,8 GB Unified Memory RAM,Mac OS Operating System,256 GB SSD,33.02 cm (13 inch) Display,,1 Year Limited Warranty
"ASUS Vivobook 14 (2025) with Office 2024 + M365 Basic*, Backlit Keyboard, Snapdragon X - (16 GB/512 GB...","₹58,990",4.4,78 Reviews,Snapdragon X Processor,16 GB LPDDR5X RAM,Windows 11 Home Operating System,512 GB SSD,35.56 cm (14 Inch) Display,"Microsoft Office Home 2024 (Lifetime Validity ) + Microsoft 365 Basic*(1-Year Validity), One-Month Membership of Adobe Creative Cloud All Apps",1 Year Onsite Warranty
HP Victus Intel Core i5 13th Gen 13420H - (16 GB/512 GB SSD/Windows 11 Home/6 GB Graphics/NVIDIA GeFor...,"₹97,999",4.3,78 Reviews,Intel Core i5 Processor (13th Gen),16 GB DDR4 RAM,Windows 11 Home Operating System,512 GB SSD,39.62 cm (15.6 Inch) Display,Windows 11 and Microsoft Office Home & Student Edition 2024,1 Year Carry-in Warranty
Acer Nitro V 15 Intel Core i5 13th Gen 13420H - (16 GB/512 GB SSD/Windows 11 Home/8 GB Graphics/NVIDIA...,"₹1,09,990",4.2,44 Reviews,Intel Core i5 Processor (13th Gen),16 GB DDR4 RAM,64 bit Windows 11 Home Operating System,512 GB SSD,39.62 cm (15.6 Inch) Display,,1 Year Warranty
MOTOROLA Motobook 60 Pro Full Metal AI PC WUXGA OLED Intel Core Ultra 5 225H - (16 GB/512 GB SSD/Windo...,"₹72,990",4.5,113 Reviews,Intel Core Ultra 5 Processor,16 GB DDR5 RAM,64 bit Windows 11 Operating System,512 GB SSD,35.56 cm (14 inch) Display,,
"ASUS Vivobook 14 (2025) with Office 2024 + M365 Basic*, Backlit Keyboard, Snapdragon X - (16 GB/512 GB...","₹58,990",4.4,78 Reviews,Snapdragon X Processor,16 GB LPDDR5X RAM,Windows 11 Home Operating System,512 GB SSD,35.56 cm (14 Inch) Display,"Microsoft Office Home 2024 (Lifetime Validity ) + Microsoft 365 Basic*(1-Year Validity), One-Month Membership of Adobe Creative Cloud All Apps",1 Year Onsite Warranty
Acer TravelLite AMD Ryzen 5 7430U - (8 GB/512 GB SSD/Windows 11 Home) TL04-41M Notebook,"₹51,998",3.9,31 Reviews,AMD Ryzen 5 Processor,8 GB DDR4 RAM,64 bit Windows 11 Home Operating System,512 GB SSD,35.56 cm (14 Inch) Display,,1 Year Limited Warranty
DELL Alienware 16 Aurora (i7 14th Gen) Microsoft Office Home 2024 Intel Core 7 240 H - (16 GB/1 TB SSD...,"₹1,48,998",4.3,4 Reviews,Intel Core 7 Processor,16 GB DDR5 RAM,Windows 11 Home Operating System,1 TB SSD,40.64 cm (16 inch) Display,Microsoft Office Home 2024 | Alienware Command Center,
ASUS Vivobook S 15 OLED Intel EVO H-Series Intel Core i5 13th Gen 13500H - (16 GB/512 GB SSD/Windows 1...,"₹1,10,999",3.6,2 Reviews,Intel Core i5 Processor (13th Gen),16 GB LPDDR5 RAM,Windows 11 Operating System,512 GB SSD,39.62 cm (15.6 Inch) Display,,1 Year Onsite Warranty
ASUS Intel Core i9 13th Gen 13900H - (16 GB/512 GB SSD/Windows 11 Home) X1605VA-MB947WS Thin and Light...,,,,Intel Core i9 Processor (13th Gen),16 GB DDR4 RAM,Windows 11 Home Operating System,512 GB SSD,40.64 cm (16 Inch) Display,,1 Year Onsite Warranty
"Apple MacBook Air (M5, 2026) M5 - (16 GB/512 GB SSD/Tahoe) MDHA4HN/A","₹1,40,990",4.7,135 Reviews,Apple M5 Processor,16 GB Unified Memory RAM,Mac OS Operating System,512 GB SSD,34.54 cm (13.6 inch) Display,,1 Year Limited Warranty
Apple Macbook Neo A18 Pro(2026) A18 Pro - (8 GB/512 GB SSD/Tahoe) MHFE4HN/A,"₹82,990",4.7,82 Reviews,Apple A18 Pro Processor,8 GB Unified Memory RAM,Mac OS Operating System,512 GB SSD,33.02 cm (13 inch) Display,,1 Year Limited Warranty
Lenovo Yoga Slim 7 AI PC Intel Core Ultra 5 125H - (16 GB/512 GB SSD/Windows 11 Home) 14IMH9 Thin and ...,"₹1,10,000",4.4,11 Reviews,Intel Core Ultra 5 Processor,16 GB LPDDR5X RAM,Windows 11 Operating System,512 GB SSD,35.56 cm (14 Inch) Display,,1 Year Onsite Warranty
"ASUS Vivobook 16 (2026) AI PC with Office 2024 + M365 Basic*, Copilot+ PC AMD Ryzen AI 7 Hexa Core 445...","₹92,990",4.7,1 Reviews,AMD Ryzen AI 7 Hexa Core Processor,16 GB DDR5 RAM,Windows 11 Home Operating System,512 GB SSD,40.64 cm (16 inch) Display,"Microsoft Office Home 2024 (Lifetime Validity ) + Microsoft 365 Basic*(1-Year Validity), One-Month Membership of Adobe Creative Cloud All Apps, McAfee 1 year",1 Year Onsite Warranty
Apple Macbook Neo A18 Pro(2026) A18 Pro - (8 GB/256 GB SSD/Tahoe) MHFH4HN/A,"₹72,990",4.7,82 Reviews,Apple A18 Pro Processor,8 GB Unified Memory RAM,Mac OS Operating System,256 GB SSD,33.02 cm (13 inch) Display,,1 Year Limited Warranty
MOTOROLA Motobook 60 Pro Full Metal AI PC 2.8K OLED Intel Core Ultra 5 225H - (16 GB/512 GB SSD/Window...,"₹77,990",4.5,113 Reviews,Intel Core Ultra 5 Processor,16 GB DDR5 RAM,64 bit Windows 11 Operating System,512 GB SSD,35.56 cm (14 inch) Display,,1 Year Onsite Warranty
HP Professional Intel Core i5 13th Gen 1334U - (16 GB/1 TB SSD/Windows 11 Pro) 240 G10 Notebook,"₹78,990",4,1 Reviews,Intel Core i5 Processor (13th Gen),16 GB DDR4 RAM,"Operating System, HP Support Assistant, HP PC Hardware Diagnostics",1 TB SSD,35.56 cm (14 Inch) Display,,
DELL 15 Intel Core i7 13th Gen 1355U - (16 GB/512 GB SSD/Windows 11 Home) 3530 Thin and Light Laptop,"₹92,990",4.3,14 Reviews,Intel Core i7 Processor (13th Gen),16 GB DDR4 RAM,64 bit Windows 11 Operating System,512 GB SSD,39.62 cm (15.6 Inch) Display,,
Lenovo LOQ Intel Core i5 12th Gen 12450HX - (16 GB/512 GB SSD/Windows 11 Home/6 GB Graphics/NVIDIA GeF...,"₹92,990",4,8 Reviews,Intel Core i5 Processor (12th Gen),16 GB DDR5 RAM,Windows 11 Operating System,512 GB SSD,39.62 cm (15.6 Inch) Display,,1 Year Carry-in Warranty
Ultimus Pro Intel Celeron Dual Core N4020 - (4 GB/128 GB EMMC Storage/Windows 11 Home) NU14U3INC43BN C...,"₹15,399",3,8 Reviews,Intel Celeron Dual Core Processor,4 GB DDR4 RAM,Windows 11 Operating System,,35.81 cm (14.1 Inch) Display,,1 Year Manufacturing Warranty
Samsung Galaxy Book4 Metal Intel Core i3 13th Gen 1315U - (8 GB/512 GB SSD/Windows 11 Home) NP750XGJ-L...,"₹49,990",4.4,"1,276 Reviews",Intel Core i3 Processor (13th Gen),8 GB LPDDR4X RAM,64 bit Windows 11 Operating System,512 GB SSD,39.62 cm (15.6 Inch) Display,,1 Year Onsite Warranty
Apple Macbook Neo A18 Pro(2026) A18 Pro - (8 GB/512 GB SSD/Tahoe) MHFC4HN/A,"₹82,990",4.7,82 Reviews,Apple A18 Pro Processor,8 GB Unified Memory RAM,Mac OS Operating System,512 GB SSD,33.02 cm (13 inch) Display,,1 Year Limited Warranty
Acer Intel Core i3 13th Gen - (8 GB/512 GB SSD/Windows 11 Home) Aspire 3 Laptop,"₹47,990",3.9,0 Reviews,Intel Core i3 Processor (13th Gen),8 GB DDR4 RAM,Windows 11 Home Operating System,512 GB SSD,39.62 cm (15.6 Inch) Display,,1 Year Warranty
"ASUS Vivobook 16X (2025) for Creator with Office 2024 + M365 Basic, Intel Core i5 13th Gen 13420H - (1...","₹85,990",,,Intel Core i5 Processor (13th Gen),16 GB DDR4 RAM,64 bit Windows 11 Home Operating System,512 GB SSD,40.64 cm (16 Inch) Display,MS Office Provided,1 Year Onsite Warranty
Apple Macbook Neo A18 Pro(2026) A18 Pro - (8 GB/256 GB SSD/Tahoe) MHFA4HN/A,"₹72,990",4.7,82 Reviews,Apple A18 Pro Processor,8 GB Unified Memory RAM,Mac OS Operating System,256 GB SSD,33.02 cm (13 inch) Display,,1 Year Limited Warranty
"ASUS Vivobook 14 (2025) with Office 2024 + M365 Basic*, Backlit Keyboard, Snapdragon X - (16 GB/512 GB...","₹58,990",4.4,78 Reviews,Snapdragon X Processor,16 GB LPDDR5X RAM,Windows 11 Home Operating System,512 GB SSD,35.56 cm (14 Inch) Display,"Microsoft Office Home 2024 (Lifetime Validity ) + Microsoft 365 Basic*(1-Year Validity), One-Month Membership of Adobe Creative Cloud All Apps",1 Year Onsite Warranty
Acer Intel Core i5 - (8 GB/512 GB SSD/Windows 11 Home) TL04-51M Laptop,"₹58,999",4.4,2 Reviews,Intel Core i5 Processor,8 GB DDR4 RAM,Windows 11 Operating System,512 GB SSD,35.56 cm (14 inch) Display,,
DELL PRO 15 (2026) DDR5 5600Mhz (i3 14th Gen) Intel Core 3 14th Gen 100U - (8 GB/512 GB SSD/Windows 11...,"₹52,990",4,5 Reviews,Intel Core 3 Processor (14th Gen),8 GB DDR5 RAM,64 bit Windows 11 Home Operating System,512 GB SSD,39.62 cm (15.6 inch) Display,"Microsoft Office 2021, Windows 11 Home",
Lenovo IdeaPad Slim 3 Backlit Intel Core i5 12th Gen 12450H - (16 GB/512 GB SSD/Windows 11 Home) 15IAH...,"₹70,481",4.3,96 Reviews,Intel Core i5 Processor (12th Gen),16 GB LPDDR5 RAM,Windows 11 Operating System,512 GB SSD,39.62 cm (15.6 Inch) Display,,
Acer Swift Neo OLED AI PC Intel Core Ultra 5 - (16 GB/1 TB SSD/Windows 11 Home) UN.35GSI.004 / UN.35GS...,"₹75,890",,,Intel Core Ultra 5 Processor,16 GB LPDDR5 RAM,64 bit Windows 11 Home Operating System,1 TB SSD,2.54 cm (1 inch) Display,,1 Year Warranty
MOTOROLA Motobook 60 Pro Full Metal AI PC WUXGA OLED Intel Core Ultra 5 225H - (16 GB/512 GB SSD/Windo...,"₹72,990",4.5,113 Reviews,Intel Core Ultra 5 Processor,16 GB DDR5 RAM,64 bit Windows 11 Operating System,512 GB SSD,35.56 cm (14 inch) Display,,
"ASUS Vivobook 14 (2025) with Office 2024 + M365 Basic*, Backlit Keyboard, Snapdragon X - (16 GB/512 GB...","₹58,990",4.4,78 Reviews,Snapdragon X Processor,16 GB LPDDR5X RAM,Windows 11 Home Operating System,512 GB SSD,35.56 cm (14 Inch) Display,"Microsoft Office Home 2024 (Lifetime Validity ) + Microsoft 365 Basic*(1-Year Validity), One-Month Membership of Adobe Creative Cloud All Apps",1 Year Onsite Warranty
Acer Aspire 14 Office 2024 + M365 Basic Intel Core i7 13th Gen 13620H - (16 GB/512 GB SSD/Windows 11 H...,"₹84,999",4.3,24 Reviews,Intel Core i7 Processor (13th Gen),16 GB LPDDR5 RAM,64 bit Windows 11 Home Operating System,512 GB SSD,35.56 cm (14 Inch) Display,,1 Year Warranty
HP Victus Intel Core i5 14th Gen 14450HX - (16 GB/512 GB SSD/Windows 11 Home/6 GB Graphics/NVIDIA GeFo...,"₹88,280",4.2,58 Reviews,Intel Core i5 Processor (14th Gen),16 GB DDR5 RAM,Windows 11 Home Operating System,512 GB SSD,40.89 cm (16.1 Inch) Display,"Microsoft Office Home 2024, 1 Yearr M365 Basic, Misc PC Game Pass DA 3M",1 Year Onsite Warranty
"Apple MacBook Air (M5, 2026) M5 - (16 GB/512 GB SSD/Tahoe) MDHA4HN/A","₹1,40,990",4.7,135 Reviews,Apple M5 Processor,16 GB Unified Memory RAM,Mac OS Operating System,512 GB SSD,34.54 cm (13.6 inch) Display,,1 Year Limited Warranty
Apple Macbook Neo A18 Pro(2026) A18 Pro - (8 GB/512 GB SSD/Tahoe) MHFE4HN/A,"₹82,990",4.7,82 Reviews,Apple A18 Pro Processor,8 GB Unified Memory RAM,Mac OS Operating System,512 GB SSD,33.02 cm (13 inch) Display,,1 Year Limited Warranty
MSI Thin 15 Intel Core i5 13th Gen 13420H - (16 GB/512 GB SSD/Windows 11 Home/6 GB Graphics/NVIDIA GeF...,"₹87,837",4.3,19 Reviews,Intel Core i5 Processor (13th Gen),16 GB DDR4 RAM,64 bit Windows 11 Operating System,512 GB SSD,39.62 cm (15.6 Inch) Display,,2 Year On-Site Warranty
HP 15 (i3 14th Gen) Intel Core 3 100U - (16 GB/512 GB SSD/Windows 11 Home) 15-fd0885TU Thin and Light ...,"₹50,843",4.2,121 Reviews,Intel Core 3 Processor,16 GB DDR4 RAM,Windows 11 Home Operating System,512 GB SSD,39.62 cm (15.6 inch) Display,MS Office Home 2024 + MISC PC Game Pass DA 3M,1 Year Onsite Warranty
DELL inspiron 15 AMD Ryzen 5 Quad Core 7520U - (8 GB/512 GB SSD/Windows 11 Home) Inspiron 3535 Laptop ...,"₹53,209",4.4,0 Reviews,AMD Ryzen 5 Quad Core Processor,8 GB LPDDR5 RAM,64 bit Windows 11 Operating System,512 GB SSD,39.62 cm (15.6 Inch) Display,"Windows 11, Microsoft Office",1 Year Onsite Warranty
ASUS Expertbook P1 with 1 Yr ADP Intel Core i5 13th Gen 13420H - (32 GB/512 GB SSD/Windows 11 Home) P1...,"₹74,990",4.3,24 Reviews,Intel Core i5 Processor (13th Gen),32 GB DDR5 RAM,Windows 11 Home Operating System,512 GB SSD,39.62 cm (15.6 Inch) Display,"Microsoft Office Home 2024, Microsoft 365 Basic",1 Year Onsite Warranty
Apple Macbook Neo A18 Pro(2026) A18 Pro - (8 GB/256 GB SSD/Tahoe) MHFH4HN/A,"₹72,990",4.7,82 Reviews,Apple A18 Pro Processor,8 GB Unified Memory RAM,Mac OS Operating System,256 GB SSD,33.02 cm (13 inch) Display,,1 Year Limited Warranty
MOTOROLA Motobook 60 Pro Full Metal AI PC 2.8K OLED Intel Core Ultra 5 225H - (16 GB/512 GB SSD/Window...,"₹77,990",4.5,113 Reviews,Intel Core Ultra 5 Processor,16 GB DDR5 RAM,64 bit Windows 11 Operating System,512 GB SSD,35.56 cm (14 inch) Display,,1 Year Onsite Warranty
ASUS Vivobook Go 15 (2026) with Office 2024 + M365 Basic* AMD Ryzen 5 4th Gen 40 - (8 GB/512 GB SSD/Wi...,"₹60,990",4.3,1 Reviews,AMD Ryzen 5 Processor (4th Gen),8 GB DDR5 RAM,Windows 11 Home Operating System,512 GB SSD,39.62 cm (15.6 inch) Display,"MSO 2024 for lifetime + Microsoft 365 Basic with 100GB Cloud Storage for 1 Year, One-Month Membership of Adobe Creative Cloud All Apps, McAfee 1 year",1 Year Onsite Warranty
ASUS Expertbook P1 with 1 Yr ADP(i3 14th Gen) Intel Core 3 13th Gen 1315U - (16 GB/512 GB SSD/Windows ...,"₹66,447",4.3,660 Reviews,Intel Core 3 Processor (13th Gen),16 GB DDR5 RAM,64 bit Windows 11 Home Operating System,512 GB SSD,39.62 cm (15.6 Inch) Display,"Included Software- Microsoft Office Home 2024(includes Word, Excel, PowerPoint, and OneNote) (Lifetime Validity ) + Microsoft 365 Basic*(1-Year Validity), McAfee+TM Premium (1 year Validity)",1 Year Onsite Warranty
Samsung Galaxy Book4 Metal Intel Core i3 13th Gen 1315U - (8 GB/512 GB SSD/Windows 11 Home) NP750XGJ-L...,"₹49,990",4.4,"1,276 Reviews",Intel Core i3 Processor (13th Gen),8 GB LPDDR4X RAM,64 bit Windows 11 Operating System,512 GB SSD,39.62 cm (15.6 Inch) Display,,1 Year Onsite Warranty
Apple Macbook Neo A18 Pro(2026) A18 Pro - (8 GB/512 GB SSD/Tahoe) MHFC4HN/A,"₹82,990",4.7,82 Reviews,Apple A18 Pro Processor,8 GB Unified Memory RAM,Mac OS Operating System,512 GB SSD,33.02 cm (13 inch) Display,,1 Year Limited Warranty
ASUS (2024) Intel Celeron Dual Core N4020 - (4 GB/1 TB HDD/Windows 11 Home) X543MA-GQ1015T Thin and Li...,"₹29,500",3.9,466 Reviews,Intel Celeron Dual Core Processor,4 GB DDR4 RAM,64 bit Windows 11 Home Operating System,1 TB HDD,39.62 cm (15.6 Inch) Display,,1 Year Onsite Warranty
HP 15s AMD Athlon Dual Core 3050U - (8 GB/512 GB SSD/Windows 11 Home) 15s-ey1509AU Thin and Light Lapt...,"₹50,990",,,AMD Athlon Dual Core Processor,8 GB DDR4 RAM,Windows 11 Operating System,512 GB SSD,39.62 cm (15.6 inch) Display,,1 Year Onsite Warranty
HP 240 G8 Intel Core i3 11th Gen - (8 GB/512 GB SSD/Windows 11 Pro) 240 G8 Notebook,"₹54,890",3.9,2 Reviews,Intel Core i3 Processor (11th Gen),8 GB DDR4 RAM,Windows 11 Operating System,512 GB SSD,35.56 cm (14 Inch) Display,,
ASUS Expertbook P1 with 1 Yr ADP(i3 14th Gen) Intel Core 3 13th Gen 1315U - (16 GB/512 GB SSD/Windows ...,"₹54,990",4.3,660 Reviews,Intel Core 3 Processor (13th Gen),16 GB DDR5 RAM,Windows 11 Home Operating System,512 GB SSD,35.56 cm (14 Inch) Display,"Included Software- Microsoft Office Home 2024(includes Word, Excel, PowerPoint, and OneNote) (Lifetime Validity ) + Microsoft 365 Basic*(1-Year Validity), McAfee+TM Premium (1 year Validity)",1 Year Onsite Warranty
Apple Macbook Neo A18 Pro(2026) A18 Pro - (8 GB/256 GB SSD/Tahoe) MHFA4HN/A,"₹72,990",4.7,82 Reviews,Apple A18 Pro Processor,8 GB Unified Memory RAM,Mac OS Operating System,256 GB SSD,33.02 cm (13 inch) Display,,1 Year Limited Warranty
"ASUS Vivobook 14 (2025) with Office 2024 + M365 Basic*, Backlit Keyboard, Snapdragon X - (16 GB/512 GB...","₹58,990",4.4,78 Reviews,Snapdragon X Processor,16 GB LPDDR5X RAM,Windows 11 Home Operating System,512 GB SSD,35.56 cm (14 Inch) Display,"Microsoft Office Home 2024 (Lifetime Validity ) + Microsoft 365 Basic*(1-Year Validity), One-Month Membership of Adobe Creative Cloud All Apps",1 Year Onsite Warranty
Samsung Galaxy Book2 Pro EVO AMOLED Intel Core i7 12th Gen 1260P - (16 GB/512 GB SSD/Windows 11 Home) ...,"₹1,20,399",4.7,0 Reviews,Intel Core i7 Processor (12th Gen),16 GB DDR5 RAM,Windows 11 Home Operating System,512 GB SSD,39.62 cm (15.6 Inch) Display,,1 Year Onsite Warranty
HP 15s Intel Core i5 11th Gen 1155G7 - (16 GB/512 GB SSD/Windows 11 Home) 15s-fr4001TU Thin and Light ...,"₹68,338",4.3,282 Reviews,Intel Core i5 Processor (11th Gen),16 GB DDR4 RAM,64 bit Windows 11 Operating System,512 GB SSD,39.62 cm (15.6 Inch) Display,,1 Year Onsite Warranty
MOTOROLA Motobook 60 Pro Full Metal AI PC WUXGA OLED Intel Core Ultra 5 225H - (16 GB/512 GB SSD/Windo...,"₹72,990",4.5,113 Reviews,Intel Core Ultra 5 Processor,16 GB DDR5 RAM,64 bit Windows 11 Operating System,512 GB SSD,35.56 cm (14 inch) Display,,
Lenovo IdeaPad Slim 3 with 1Yr ADP Snapdragon X - (16 GB/1 TB SSD/Windows 11 Home) 15Q8X10 Thin and Li...,"₹66,990",4.2,5 Reviews,Snapdragon X Processor,16 GB LPDDR5X RAM,Windows 11 Home Operating System,1 TB SSD,38.86 cm (15.3 inch) Display,,
"ASUS ROG Zephyrus G16 OLED Powered, Intel EVO H Series, 90WHrs Battery AI PC Intel Core Ultra 7 155H -...","₹1,98,900",,,Intel Core Ultra 7 Processor,16 GB LPDDR5X RAM,Windows 11 Operating System,1 TB SSD,40.64 cm (16 Inch) Display,,1 Year Onsite warranty
Acer Aspire 3 Intel Celeron Dual Core - (8 GB/256 GB SSD/Windows 11 Home) A311-45 Thin and Light Lapto...,"₹39,225",3.8,992 Reviews,Intel Celeron Dual Core Processor,8 GB DDR4 RAM,64 bit Windows 11 Home Operating System,256 GB SSD,29.46 cm (11.6 Inch) Display,,1 Year Warranty
Lenovo IdeaPad Slim 3 Intel Core i5 12th Gen 12450H - (16 GB/512 GB SSD/Windows 11 Home) 14IAH8 Thin a...,"₹69,890",4.2,136 Reviews,Intel Core i5 Processor (12th Gen),16 GB LPDDR5 RAM,64 bit Windows 11 Operating System,512 GB SSD,35.56 cm (14 Inch) Display,,1 Year Onsite Warranty.
HP Pavilion 14 Touchscreen Intel Core i5 12th Gen 1235U - (16 GB/512 GB SSD/Windows 11 Home) Pavilion ...,"₹91,990",,,Intel Core i5 Processor (12th Gen),16 GB DDR4 RAM,64 bit Windows 11 Operating System,512 GB SSD,35.56 cm (14 inch) Touchscreen Display,,1 Year Onsite Warranty
"ASUS Vivobook 14 (2025) with Office 2024 + M365 Basic*, Backlit Keyboard, Snapdragon X - (16 GB/512 GB...","₹58,990",4.4,78 Reviews,Snapdragon X Processor,16 GB LPDDR5X RAM,Windows 11 Home Operating System,512 GB SSD,35.56 cm (14 Inch) Display,"Microsoft Office Home 2024 (Lifetime Validity ) + Microsoft 365 Basic*(1-Year Validity), One-Month Membership of Adobe Creative Cloud All Apps",1 Year Onsite Warranty
"Apple MacBook Air (M5, 2026) M5 - (16 GB/512 GB SSD/Tahoe) MDHA4HN/A","₹1,40,990",4.7,135 Reviews,Apple M5 Processor,16 GB Unified Memory RAM,Mac OS Operating System,512 GB SSD,34.54 cm (13.6 inch) Display,,1 Year Limited Warranty
HP Intel Core i5 13th Gen 1334U - (16 GB/512 GB SSD/Windows 11 Home) 15-fd0316TU Thin and Light Laptop,"₹66,990",2.3,0 Reviews,Intel Core i5 Processor (13th Gen),16 GB DDR4 RAM,Windows 11 Operating System,512 GB SSD,39.62 cm (15.6 Inch) Display,,1 Year Warranty
"ASUS Vivobook 15 (2025) with Office 2024 + M365 Basic*, Backlit Keyboard, Intel Core i3 13th Gen 1315U...","₹56,928",4.3,116 Reviews,Intel Core i3 Processor (13th Gen),16 GB DDR5 RAM,Windows 11 Home Operating System,512 GB SSD,39.62 cm (15.6 Inch) Display,"Microsoft Office Home 2024 (Lifetime Validity ) + Microsoft 365 Basic*(1-Year Validity), One-Month Membership of Adobe Creative Cloud All Apps, McAfee 1 year",1 Year Onsite Warranty
Apple Macbook Neo A18 Pro(2026) A18 Pro - (8 GB/512 GB SSD/Tahoe) MHFE4HN/A,"₹82,990",4.7,82 Reviews,Apple A18 Pro Processor,8 GB Unified Memory RAM,Mac OS Operating System,512 GB SSD,33.02 cm (13 inch) Display,,1 Year Limited Warranty
Apple Macbook Neo A18 Pro(2026) A18 Pro - (8 GB/256 GB SSD/Tahoe) MHFH4HN/A,"₹72,990",4.7,82 Reviews,Apple A18 Pro Processor,8 GB Unified Memory RAM,Mac OS Operating System,256 GB SSD,33.02 cm (13 inch) Display,,1 Year Limited Warranty
Acer Aspire 3 Intel Celeron Dual Core - (8 GB/256 GB SSD/Windows 11 Home) A311-45 Thin and Light Lapto...,"₹35,999",3.8,992 Reviews,Intel Celeron Dual Core Processor,8 GB DDR4 RAM,64 bit Windows 11 Home Operating System,256 GB SSD,29.46 cm (11.6 Inch) Display,,1 Year Warranty
Acer Intel Celeron Dual Core N4500 - (12 GB/512 GB SSD/Windows 11 Home) A325-45 Notebook,"₹41,990",3.7,1 Reviews,Intel Celeron Dual Core Processor,12 GB LPDDR4X RAM,64 bit Windows 11 Home Operating System,512 GB SSD,39.62 cm (15.6 Inch) Display,,1 Year Limited Warranty
Lenovo IdeaPad 1 Intel Celeron Dual Core N4500 - (8 GB/512 GB SSD/Windows 11 Home) IdeaPad 1 15IJL7 Th...,"₹48,990",4.1,8 Reviews,Intel Celeron Dual Core Processor,8 GB DDR4 RAM,Windows 11 Home Operating System,512 GB SSD,39.62 cm (15.6 Inch) Display,,1 Year Onsite Warranty
MSI Modern 14 C13M Intel Core i3 13th Gen 1315U - (8 GB/512 GB SSD/Windows 11 Home) Modern 14 C13M-115...,"₹58,985",4.2,15 Reviews,Intel Core i3 Processor (13th Gen),8 GB DDR4 RAM,64 bit Windows 11 Operating System,512 GB SSD,35.56 cm (14 Inch) Display,Microsoft Office Home & Student�2021,1 Year On-Site Warranty
Samsung Galaxy Book4 Metal Intel Core i3 13th Gen 1315U - (8 GB/512 GB SSD/Windows 11 Home) NP750XGJ-L...,"₹49,990",4.4,"1,276 Reviews",Intel Core i3 Processor (13th Gen),8 GB LPDDR4X RAM,64 bit Windows 11 Operating System,512 GB SSD,39.62 cm (15.6 Inch) Display,,1 Year Onsite Warranty
Apple Macbook Neo A18 Pro(2026) A18 Pro - (8 GB/512 GB SSD/Tahoe) MHFC4HN/A,"₹82,990",4.7,82 Reviews,Apple A18 Pro Processor,8 GB Unified Memory RAM,Mac OS Operating System,512 GB SSD,33.02 cm (13 inch) Display,,1 Year Limited Warranty
HP Intel Core i3 - (8 GB/512 GB SSD/Windows 11 Home) 14-ep0343TU Thin and Light Laptop,"₹55,279",4,0 Reviews,Intel Core i3 Processor,8 GB DDR4 RAM,Windows 11 Home Operating System,512 GB SSD,35.56 cm (14 Inch) Display,MS Office Home 2024 + MISC PC Game Pass DA 3M,1 Year Onsite Warranty
Acer Swift Go 14 AI Office 2024 + M365 Basic Snapdragon X Plus - (16 GB/512 GB SSD/Windows 11 Home) SF...,"₹1,07,174",4.4,60 Reviews,Snapdragon X Plus Processor,16 GB LPDDR5X RAM,Windows 11 Operating System,512 GB SSD,36.83 cm (14.5 Inch) Display,,1 Year Carry-in Warranty
Apple Macbook Neo A18 Pro(2026) A18 Pro - (8 GB/256 GB SSD/Tahoe) MHFA4HN/A,"₹72,990",4.7,82 Reviews,Apple A18 Pro Processor,8 GB Unified Memory RAM,Mac OS Operating System,256 GB SSD,33.02 cm (13 inch) Display,,1 Year Limited Warranty
"ASUS Vivobook 14 (2025) with Office 2024 + M365 Basic*, Backlit Keyboard, Snapdragon X - (16 GB/512 GB...","₹58,990",4.4,78 Reviews,Snapdragon X Processor,16 GB LPDDR5X RAM,Windows 11 Home Operating System,512 GB SSD,35.56 cm (14 Inch) Display,"Microsoft Office Home 2024 (Lifetime Validity ) + Microsoft 365 Basic*(1-Year Validity), One-Month Membership of Adobe Creative Cloud All Apps",1 Year Onsite Warranty
HP Intel Core i5 12th Gen 1235U - (8 GB/1 TB SSD/Windows 11 Home) 15s-fq5331TU Thin and Light Laptop,"₹69,990",4.1,2 Reviews,Intel Core i5 Processor (12th Gen),8 GB DDR4 RAM,Windows 11 Operating System,1 TB SSD,39.62 cm (15.6 Inch) Display,,1 Year Onsite warranty
HP Intel Core i5 13th Gen 1334U - (16 GB/512 GB SSD/Windows 11 Home) 15-fd0316TU Thin and Light Laptop,"₹63,999",2.3,0 Reviews,Intel Core i5 Processor (13th Gen),16 GB DDR4 RAM,Windows 11 Operating System,512 GB SSD,39.62 cm (15.6 Inch) Display,,1 Year Warranty
HP Intel Core i3 11th Gen - (8 GB/512 GB SSD/Windows 10 Pro) 250 G8 Laptop,"₹55,353",4.2,1 Reviews,Intel Core i3 Processor (11th Gen),8 GB DDR4 RAM,Windows 11 Operating System,512 GB SSD,39.62 cm (15.6 Inch) Display,,
ASUS Vivobook Go 14 AMD Ryzen 5 Quad Core 7520U - (8 GB/512 GB SSD/Windows 11 Home) E1404FA-NK521WS Th...,"₹54,990",4.1,3 Reviews,AMD Ryzen 5 Quad Core Processor,8 GB LPDDR5 RAM,64 bit Windows 11 Home Operating System,512 GB SSD,35.56 cm (14 Inch) Display,,1 Year Onsite Warranty
MOTOROLA Motobook 60 Pro Full Metal AI PC WUXGA OLED Intel Core Ultra 5 225H - (16 GB/512 GB SSD/Windo...,"₹72,990",4.5,113 Reviews,Intel Core Ultra 5 Processor,16 GB DDR5 RAM,64 bit Windows 11 Operating System,512 GB SSD,35.56 cm (14 inch) Display,,
"ASUS Vivobook 14 (2025) with Office 2024 + M365 Basic*, Backlit Keyboard, Snapdragon X - (16 GB/512 GB...","₹58,990",4.4,78 Reviews,Snapdragon X Processor,16 GB LPDDR5X RAM,Windows 11 Home Operating System,512 GB SSD,35.56 cm (14 Inch) Display,"Microsoft Office Home 2024 (Lifetime Validity ) + Microsoft 365 Basic*(1-Year Validity), One-Month Membership of Adobe Creative Cloud All Apps",1 Year Onsite Warranty
HP 15 (2025) AMD Athlon Dual Core 7120U - (8 GB/256 GB SSD/Windows 11 Pro) 15 Thin and Light Laptop,"₹46,990",3.3,2 Reviews,AMD Athlon Dual Core Processor,8 GB DDR4 RAM,64 bit Windows 11 Operating System,256 GB SSD,39.62 cm (15.6 Inch) Display,"Microsoft Office 2021, Windows 11 Pro",1 Year Onsite Warranty
Lenovo LOQ AMD Ryzen 5 Quad Core 7235HS - (24 GB/512 GB SSD/Windows 11 Home/4 GB Graphics/NVIDIA GeFor...,"₹97,990",4.4,100 Reviews,AMD Ryzen 5 Quad Core Processor,24 GB DDR5 RAM,Windows 11 Home Operating System,512 GB SSD,39.62 cm (15.6 Inch) Display,Microsoft Office Home 2024,1 Year Carry-in Warranty
"Apple MacBook Air (M5, 2026) M5 - (16 GB/512 GB SSD/Tahoe) MDHA4HN/A","₹1,40,990",4.7,135 Reviews,Apple M5 Processor,16 GB Unified Memory RAM,Mac OS Operating System,512 GB SSD,34.54 cm (13.6 inch) Display,,1 Year Limited Warranty
Apple Macbook Neo A18 Pro(2026) A18 Pro - (8 GB/512 GB SSD/Tahoe) MHFE4HN/A,"₹82,990",4.7,82 Reviews,Apple A18 Pro Processor,8 GB Unified Memory RAM,Mac OS Operating System,512 GB SSD,33.02 cm (13 inch) Display,,1 Year Limited Warranty
"ASUS Zenbook A14 OLED (2025), MSO 2024 + M365 Basic, Metal Body, Backlit Keyboard, Snapdragon X - (16 ...","₹87,900",3.9,4 Reviews,Snapdragon X Processor,16 GB LPDDR5X RAM,Windows 11 Home Operating System,512 GB SSD,35.56 cm (14 Inch) Display,"Microsoft Office Home 2024 (Lifetime Validity ) + Microsoft 365 Basic*(1-Year Validity), McAfee 1 year",1 Year Onsite Warranty
Acer Aspire 14 Office 2024 + M365 Basic Intel Core i5 13th Gen 13500H - (16 GB/512 GB SSD/Windows 11 H...,"₹71,200",4.3,546 Reviews,Intel Core i5 Processor (13th Gen),16 GB LPDDR5 RAM,64 bit Windows 11 Home Operating System,512 GB SSD,35.56 cm (14 Inch) Display,,1 Year Warranty
WarnerCann Hi5 pro Plus Intel Core i5 12th Gen 12600H - (16 GB + 32 GB Optane/256 GB SSD/Windows 11 Pr...,"₹36,111",,,Intel Core i5 Processor (12th Gen),16 GB DDR4 RAM,64 bit Windows 11 Operating System,256 GB SSD,35.56 cm (14 inch) Display,,
HP AMD Ryzen 5 Quad Core 7520U - (8 GB/512 GB SSD/Windows 11 Home) 15-fc0155AU Thin and Light Laptop,"₹60,643",,,AMD Ryzen 5 Quad Core Processor,8 GB LPDDR5 RAM,64 bit Windows 11 Home Operating System,512 GB SSD,39.62 cm (15.6 Inch) Display,,1 Year Onsite Warranty
Samsung Galaxy Book4 Metal Intel Core i3 13th Gen 1315U - (8 GB/512 GB SSD/Windows 11 Home) NP750XGJ-L...,"₹49,990",4.4,"1,276 Reviews",Intel Core i3 Processor (13th Gen),8 GB LPDDR4X RAM,64 bit Windows 11 Operating System,512 GB SSD,39.62 cm (15.6 Inch) Display,,1 Year Onsite Warranty
Apple Macbook Neo A18 Pro(2026) A18 Pro - (8 GB/512 GB SSD/Tahoe) MHFC4HN/A,"₹82,990",4.7,82 Reviews,Apple A18 Pro Processor,8 GB Unified Memory RAM,Mac OS Operating System,512 GB SSD,33.02 cm (13 inch) Display,,1 Year Limited Warranty
Acer Nitro V AMD Ryzen 7 Octa Core 7735HS - (16 GB/512 GB SSD/Windows 11 Home/6 GB Graphics/NVIDIA GeF...,"₹1,04,046",4.2,26 Reviews,AMD Ryzen 7 Octa Core Processor,16 GB DDR5 RAM,Windows 11 Operating System,512 GB SSD,39.62 cm (15.6 Inch) Display,,1 Year International Travelers Warranty (ITW)
"ASUS Vivobook S15 OLED Powered, Intel EVO H Series, AI PC, Full Metal Body, Intel Core Ultra 9 185H - ...","₹1,19,990",4.5,1 Reviews,Intel Core Ultra 9 Processor,16 GB LPDDR5X RAM,Windows 11 Operating System,1 TB SSD,39.62 cm (15.6 Inch) Display,Microsoft Office Home & Student 2021,1 Year Onsite Warranty
Apple Macbook Neo A18 Pro(2026) A18 Pro - (8 GB/256 GB SSD/Tahoe) MHFA4HN/A,"₹72,990",4.7,82 Reviews,Apple A18 Pro Processor,8 GB Unified Memory RAM,Mac OS Operating System,256 GB SSD,33.02 cm (13 inch) Display,,1 Year Limited Warranty
"ASUS Vivobook 14 (2025) with Office 2024 + M365 Basic*, Backlit Keyboard, Snapdragon X - (16 GB/512 GB...","₹58,990",4.4,78 Reviews,Snapdragon X Processor,16 GB LPDDR5X RAM,Windows 11 Home Operating System,512 GB SSD,35.56 cm (14 Inch) Display,"Microsoft Office Home 2024 (Lifetime Validity ) + Microsoft 365 Basic*(1-Year Validity), One-Month Membership of Adobe Creative Cloud All Apps",1 Year Onsite Warranty
MSI Pulse 17 AI PC Intel Core Ultra 7 155H - (16 GB/1 TB SSD/Windows 11 Home/8 GB Graphics/NVIDIA GeFo...,"₹1,59,990",,,Intel Core Ultra 7 Processor,16 GB DDR5 RAM,Windows 11 Operating System,1 TB SSD,43.18 cm (17 Inch) Display,,2 Year Onsite Warranty
HP Intel Core i5 13th Gen 1335U - (16 GB/512 GB SSD/Windows 11 Home) 15-hr0001TU Thin and Light Laptop,"₹67,566",4.2,6 Reviews,Intel Core i5 Processor (13th Gen),16 GB DDR4 RAM,Windows 11 Operating System,512 GB SSD,39.62 cm (15.6 Inch) Display,,1 Year Onsite Warranty
ASUS ExpertBook Ultra Copilot+ PC Intel Core Ultra X7 358H - (32 GB/1 TB SSD/Windows 11 Home) B9406CAA...,"₹2,72,990",4.9,6 Reviews,Intel Core Ultra X7 Processor,32 GB LPDDR5X RAM,Windows 11 Home Operating System,1 TB SSD,35.56 cm (14 inch) Touchscreen Display,Microsoft Office Home 2024 + Microsoft 365 Basic,
ASUS Vivobook Go 15 AMD Ryzen 3 Quad Core 7320U - (8 GB/512 GB SSD/Windows 11 Home) E1504FA-NJ321WS Th...,"₹50,990",4.3,297 Reviews,AMD Ryzen 3 Quad Core Processor,8 GB LPDDR5 RAM,Windows 11 Operating System,512 GB SSD,39.62 cm (15.6 Inch) Display,,1 Year Onsite Warranty
MOTOROLA Motobook 60 Pro Full Metal AI PC WUXGA OLED Intel Core Ultra 5 225H - (16 GB/512 GB SSD/Windo...,"₹72,990",4.5,113 Reviews,Intel Core Ultra 5 Processor,16 GB DDR5 RAM,64 bit Windows 11 Operating System,512 GB SSD,35.56 cm (14 inch) Display,,
"ASUS Vivobook 14 (2025) with Office 2024 + M365 Basic*, Backlit Keyboard, Snapdragon X - (16 GB/512 GB...","₹58,990",4.4,78 Reviews,Snapdragon X Processor,16 GB LPDDR5X RAM,Windows 11 Home Operating System,512 GB SSD,35.56 cm (14 Inch) Display,"Microsoft Office Home 2024 (Lifetime Validity ) + Microsoft 365 Basic*(1-Year Validity), One-Month Membership of Adobe Creative Cloud All Apps",1 Year Onsite Warranty
HP 15 with Office 2024 Intel Core 3 14th Gen 100U - (8 GB/512 GB SSD/Windows 11 Home) 15-FD0883TU Lapt...,"₹59,629",4.7,1 Reviews,Intel Core 3 Processor (14th Gen),8 GB DDR5 RAM,Windows 11 Home Operating System,512 GB SSD,39.62 cm (15.6 inch) Display,,
Lenovo IdeaPad Slim 3 Intel Core i5 12th Gen 12450H - (8 GB/512 GB SSD/Windows 11 Home) 15IAH8 Thin an...,"₹68,990",4.3,60 Reviews,Intel Core i5 Processor (12th Gen),8 GB LPDDR5 RAM,Windows 11 Operating System,512 GB SSD,39.62 cm (15.6 Inch) Display,,
"Apple MacBook Air (M5, 2026) M5 - (16 GB/512 GB SSD/Tahoe) MDHA4HN/A","₹1,40,990",4.7,135 Reviews,Apple M5 Processor,16 GB Unified Memory RAM,Mac OS Operating System,512 GB SSD,34.54 cm (13.6 inch) Display,,1 Year Limited Warranty
Apple Macbook Neo A18 Pro(2026) A18 Pro - (8 GB/512 GB SSD/Tahoe) MHFE4HN/A,"₹82,990",4.7,82 Reviews,Apple A18 Pro Processor,8 GB Unified Memory RAM,Mac OS Operating System,512 GB SSD,33.02 cm (13 inch) Display,,1 Year Limited Warranty
Lenovo Ideapad Intel Core i5 12th Gen 12450H - (16 GB/512 GB SSD/Windows 11 Home/4 GB Graphics) 15IAH8...,"₹69,980",4.1,11 Reviews,Intel Core i5 Processor (12th Gen),16 GB LPDDR5 RAM,Windows 11 Operating System,512 GB SSD,39.62 cm (15.6 Inch) Display,,
Lenovo IdeaPad Slim 5 WUXGA IPS AI PC with 1Yr ADP Intel Core Ultra 5 125H - (16 GB/512 GB SSD/Windows...,"₹1,06,990",4,62 Reviews,Intel Core Ultra 5 Processor,16 GB LPDDR5X RAM,64 bit Windows 11 Operating System,512 GB SSD,35.56 cm (14 Inch) Display,,1Yr Warranty + 1 Yr Premium Care and 1 Yr Accidental Damage Protection
Acer Swift 14 AI Office 2024 + M365 Basic Intel Core Ultra 7 - (16 GB/1 TB SSD/Windows 11 Home) SF14-5...,"₹1,29,999",,,Intel Core Ultra 7 Processor,16 GB LPDDR5X RAM,Windows 11 Operating System,1 TB SSD,35.56 cm (14 Inch) Display,,1 Year Carry-in Warranty
Lenovo IdeaPad Slim 3 Intel Core i5 12th Gen 12450H - (16 GB/512 GB SSD/Windows 11 Home) 15IAH8 Thin a...,"₹69,990",4.2,4 Reviews,Intel Core i5 Processor (12th Gen),16 GB LPDDR5 RAM,Windows 11 Operating System,512 GB SSD,39.62 cm (15.6 Inch) Display,,
Apple Macbook Neo A18 Pro(2026) A18 Pro - (8 GB/256 GB SSD/Tahoe) MHFH4HN/A,"₹72,990",4.7,82 Reviews,Apple A18 Pro Processor,8 GB Unified Memory RAM,Mac OS Operating System,256 GB SSD,33.02 cm (13 inch) Display,,1 Year Limited Warranty
MOTOROLA Motobook 60 Pro Full Metal AI PC 2.8K OLED Intel Core Ultra 5 225H - (16 GB/512 GB SSD/Window...,"₹77,990",4.5,113 Reviews,Intel Core Ultra 5 Processor,16 GB DDR5 RAM,64 bit Windows 11 Operating System,512 GB SSD,35.56 cm (14 inch) Display,,1 Year Onsite Warranty
ASUS TUF Gaming A15 (2025) AMD Ryzen 7 Octa Core 7445HS - (16 GB/1 TB SSD/Windows 11 Home/4 GB Graphic...,"₹75,990",4.4,145 Reviews,AMD Ryzen 7 Octa Core Processor,16 GB DDR5 RAM,Windows 11 Home Operating System,1 TB SSD,39.62 cm (15.6 Inch) Display,,1 Year Onsite Warranty
HP 15 Intel Core i3 13th Gen 1315U - (16 GB/512 GB SSD/Windows 11 Home) 15-fd0668TU Thin and Light Lap...,"₹58,951",4.2,63 Reviews,Intel Core i3 Processor (13th Gen),16 GB DDR4 RAM,Windows 11 Home Operating System,512 GB SSD,39.62 cm (15.6 Inch) Display,,1 Year Onsite Warranty
Samsung Galaxy Book4 Metal Intel Core i3 13th Gen 1315U - (8 GB/512 GB SSD/Windows 11 Home) NP750XGJ-L...,"₹49,990",4.4,"1,276 Reviews",Intel Core i3 Processor (13th Gen),8 GB LPDDR4X RAM,64 bit Windows 11 Operating System,512 GB SSD,39.62 cm (15.6 Inch) Display,,1 Year Onsite Warranty
Apple Macbook Neo A18 Pro(2026) A18 Pro - (8 GB/512 GB SSD/Tahoe) MHFC4HN/A,"₹82,990",4.7,82 Reviews,Apple A18 Pro Processor,8 GB Unified Memory RAM,Mac OS Operating System,512 GB SSD,33.02 cm (13 inch) Display,,1 Year Limited Warranty
MSI Cyborg 15 Intel Core i5 12th Gen 12450H - (16 GB/512 GB SSD/Windows 11 Home/4 GB Graphics/NVIDIA G...,"₹89,990",4.6,14 Reviews,Intel Core i5 Processor (12th Gen),16 GB DDR5 RAM,64 bit Windows 11 Operating System,512 GB SSD,39.62 cm (15.6 Inch) Display,,2 Year Onsite Warranty
Acer Spin 7 Intel Core i7 7th Gen 7Y75 - (8 GB/256 GB SSD/Windows 10 Home) SP714-51 Laptop,"₹1,24,900",4,1 Reviews,Intel Core i7 Processor (7th Gen),8 GB DDR3 RAM,64 bit Windows 10 Operating System,256 GB SSD,35.56 cm (14 Inch) Touchscreen Display,,1 Year International Travelers Warranty (ITW)
HP Pavilion Intel Core i5 13th Gen 1340P - (16 GB/512 GB SSD/Windows 11 Home) 15-eg3026TU Thin and Lig...,"₹75,920",3.8,6 Reviews,Intel Core i5 Processor (13th Gen),16 GB DDR4 RAM,64 bit Windows 11 Operating System,512 GB SSD,39.62 cm (15.6 Inch) Display,,1 Year Onsite Warranty
HP 15s Intel Core i3 12th Gen 1215U - (8 GB/512 GB SSD/Windows 11 Home) 15s-fq5327TU / FD0063TU Thin a...,"₹51,134",4.2,597 Reviews,Intel Core i3 Processor (12th Gen),8 GB DDR4 RAM,64 bit Windows 11 Home Operating System,512 GB SSD,39.62 cm (15.6 Inch) Display,Microsoft Office Home & Student 2021,1 Year Onsite Warranty
Apple Macbook Neo A18 Pro(2026) A18 Pro - (8 GB/256 GB SSD/Tahoe) MHFA4HN/A,"₹72,990",4.7,82 Reviews,Apple A18 Pro Processor,8 GB Unified Memory RAM,Mac OS Operating System,256 GB SSD,33.02 cm (13 inch) Display,,1 Year Limited Warranty
"ASUS Vivobook 14 (2025) with Office 2024 + M365 Basic*, Backlit Keyboard, Snapdragon X - (16 GB/512 GB...","₹58,990",4.4,78 Reviews,Snapdragon X Processor,16 GB LPDDR5X RAM,Windows 11 Home Operating System,512 GB SSD,35.56 cm (14 Inch) Display,"Microsoft Office Home 2024 (Lifetime Validity ) + Microsoft 365 Basic*(1-Year Validity), One-Month Membership of Adobe Creative Cloud All Apps",1 Year Onsite Warranty
HP 240 G8 Intel Core i3 11th Gen - (8 GB/512 GB SSD/Windows 11 Pro) 240 G8 Notebook,"₹54,890",3.9,2 Reviews,Intel Core i3 Processor (11th Gen),8 GB DDR4 RAM,Windows 11 Operating System,512 GB SSD,35.56 cm (14 Inch) Display,,
HP AMD Ryzen 3 Quad Core - (8 GB/512 GB SSD/Windows 11 Pro) 255 G10 Business Laptop,"₹50,719",,,AMD Ryzen 3 Quad Core Processor,8 GB DDR5 RAM,Windows 11 Operating System,512 GB SSD,39.62 cm (15.6 Inch) Display,,
MOTOROLA Motobook 60 Pro Full Metal AI PC WUXGA OLED Intel Core Ultra 5 225H - (16 GB/512 GB SSD/Windo...,"₹72,990",4.5,113 Reviews,Intel Core Ultra 5 Processor,16 GB DDR5 RAM,64 bit Windows 11 Operating System,512 GB SSD,35.56 cm (14 inch) Display,,
"ASUS Vivobook 14 (2025) with Office 2024 + M365 Basic*, Backlit Keyboard, Snapdragon X - (16 GB/512 GB...","₹58,990",4.4,78 Reviews,Snapdragon X Processor,16 GB LPDDR5X RAM,Windows 11 Home Operating System,512 GB SSD,35.56 cm (14 Inch) Display,"Microsoft Office Home 2024 (Lifetime Validity ) + Microsoft 365 Basic*(1-Year Validity), One-Month Membership of Adobe Creative Cloud All Apps",1 Year Onsite Warranty
ZEBRONICS Pro Series Z Intel Core i5 12th Gen 1235U - (16 GB/512 GB SSD/Windows 11 Home) ZEB-NBC 4S Th...,"₹60,999",4,147 Reviews,Intel Core i5 Processor (12th Gen),16 GB DDR4 RAM,Windows 11 Operating System,512 GB SSD,39.62 cm (15.6 Inch) Display,,1 Year Carry-in Warranty
MICROSOFT Surface Laptop 13.8 Inch Snapdragon X2 Plus - (24 GB/512 GB SSD/Windows 11 Home) EP2-60086 L...,"₹2,29,990",,,Snapdragon X2 Plus Processor,24 GB LPDDR5X RAM,64 bit Windows 11 Operating System,512 GB SSD,35.05 cm (13.8 inch) Touchscreen Display,,
HP 15s Intel Core i5 12th Gen 1235U - (16 GB/512 GB SSD/Windows 11 Home) 15s-fq5112TU Thin and Light L...,"₹65,900",4,48 Reviews,Intel Core i5 Processor (12th Gen),16 GB DDR4 RAM,64 bit Windows 11 Operating System,512 GB SSD,39.62 cm (15.6 Inch) Display,,1 Year Onsite Warranty
ASUS AMD Ryzen 3 Quad Core - (8 GB/512 GB SSD/Windows 11 Home) E1504FA-NJ321WS Thin and Light Laptop,"₹55,990",,,AMD Ryzen 3 Quad Core Processor,8 GB DDR4 RAM,Windows 11 Home Operating System,512 GB SSD,39.62 cm (15.6 Inch) Display,,1 Year Onsite Warranty
"Apple MacBook Air (M5, 2026) M5 - (16 GB/512 GB SSD/Tahoe) MDHA4HN/A","₹1,40,990",4.7,135 Reviews,Apple M5 Processor,16 GB Unified Memory RAM,Mac OS Operating System,512 GB SSD,34.54 cm (13.6 inch) Display,,1 Year Limited Warranty
Apple Macbook Neo A18 Pro(2026) A18 Pro - (8 GB/512 GB SSD/Tahoe) MHFE4HN/A,"₹82,990",4.7,82 Reviews,Apple A18 Pro Processor,8 GB Unified Memory RAM,Mac OS Operating System,512 GB SSD,33.02 cm (13 inch) Display,,1 Year Limited Warranty
HP Laptop with Backlit Keyboard Intel Core i5 11th Gen - (16 GB/512 GB SSD/Windows 11 Home) 15s-fq2510...,"₹68,990",4.3,5 Reviews,Intel Core i5 Processor (11th Gen),16 GB DDR4 RAM,64 bit Windows 11 Operating System,512 GB SSD,39.62 cm (15.6 Inch) Display,,1 Year Onsite Warranty
DELL 14 (2025) Intel Core i3 13th Gen 1305U - (8 GB/512 GB SSD/Windows 11 Home) 14 Thin and Light Lapt...,"₹52,780",4,12 Reviews,Intel Core i3 Processor (13th Gen),8 GB DDR5 RAM,64 bit Windows 11 Home Operating System,512 GB SSD,35.56 cm (14 Inch) Display,"Microsoft Office 2021, Windows 11 Pro",
Apple Macbook Neo A18 Pro(2026) A18 Pro - (8 GB/256 GB SSD/Tahoe) MHFH4HN/A,"₹72,990",4.7,82 Reviews,Apple A18 Pro Processor,8 GB Unified Memory RAM,Mac OS Operating System,256 GB SSD,33.02 cm (13 inch) Display,,1 Year Limited Warranty
MOTOROLA Motobook 60 Pro Full Metal AI PC 2.8K OLED Intel Core Ultra 5 225H - (16 GB/512 GB SSD/Window...,"₹77,990",4.5,113 Reviews,Intel Core Ultra 5 Processor,16 GB DDR5 RAM,64 bit Windows 11 Operating System,512 GB SSD,35.56 cm (14 inch) Display,,1 Year Onsite Warranty
HP Intel Core i7 13th Gen 1355U - (16 GB/512 GB SSD/Windows 11 Home/4 GB Graphics) 15-fe0011TX Laptop,"₹1,32,727",4.7,1 Reviews,Intel Core i7 Processor (13th Gen),16 GB LPDDR5 RAM,64 bit Windows 11 Operating System,512 GB SSD,39.62 cm (15.6 Inch) Touchscreen Display,,1 Year Onsite Warranty
HP Intel Pentium Quad Core N6000 - (8 GB/512 GB SSD/Windows 11 Home) 15s-fq3073TU Thin and Light Lapto...,"₹50,890",,,Intel Pentium Quad Core Processor,8 GB DDR4 RAM,Windows 11 Operating System,512 GB SSD,39.62 cm (15.6 inch) Display,,1 Year Onsite warranty
Acer Chromebook Plus Google AI Intel Core i3 N305 - (8 GB/256 GB SSD/Chrome OS) CB514-4H-39T7 Chromebo...,"₹49,999",3.9,103 Reviews,Intel Core i3 Processor,8 GB LPDDR5 RAM,64 bit Chrome Operating System,256 GB SSD,35.56 cm (14 Inch) Display,,1 Year Carry-in Warranty
DELL Pro Essential 15(i3 14th Gen) Intel Core 3 14th Gen 100U - (8 GB/512 GB SSD/Ubuntu) PV15250 Thin ...,"₹52,900",,,Intel Core 3 Processor (14th Gen),8 GB DDR5 RAM,64 bit Linux/Ubuntu Operating System,512 GB SSD,39.62 cm (15.6 inch) Display,,1Y Basic Warranty
Samsung Galaxy Book4 Metal Intel Core i3 13th Gen 1315U - (8 GB/512 GB SSD/Windows 11 Home) NP750XGJ-L...,"₹49,990",4.4,"1,276 Reviews",Intel Core i3 Processor (13th Gen),8 GB LPDDR4X RAM,64 bit Windows 11 Operating System,512 GB SSD,39.62 cm (15.6 Inch) Display,,1 Year Onsite Warranty
Apple Macbook Neo A18 Pro(2026) A18 Pro - (8 GB/512 GB SSD/Tahoe) MHFC4HN/A,"₹82,990",4.7,82 Reviews,Apple A18 Pro Processor,8 GB Unified Memory RAM,Mac OS Operating System,512 GB SSD,33.02 cm (13 inch) Display,,1 Year Limited Warranty
Infinix Intel Core i7 10th Gen 1065G7 - (8 GB/512 GB SSD/Windows 11 Home/128 MB Graphics) XL21 Thin an...,"₹64,990",,,Intel Core i7 Processor (10th Gen),8 GB LPDDR4X RAM,Windows 11 Operating System,512 GB SSD,35.56 cm (14 Inch) Display,,1 Year Onsite Warranty
DELL 15 Intel Core i3 12th Gen 1215U - (8 GB/512 GB SSD/Windows 11 Home) 3520 Thin and Light Laptop,"₹53,189",4.2,81 Reviews,Intel Core i3 Processor (12th Gen),8 GB DDR4 RAM,64 bit Windows 11 Operating System,512 GB SSD,39.62 cm (15.6 Inch) Display,,
Apple Macbook Neo A18 Pro(2026) A18 Pro - (8 GB/256 GB SSD/Tahoe) MHFA4HN/A,"₹72,990",4.7,82 Reviews,Apple A18 Pro Processor,8 GB Unified Memory RAM,Mac OS Operating System,256 GB SSD,33.02 cm (13 inch) Display,,1 Year Limited Warranty
"ASUS Vivobook 14 (2025) with Office 2024 + M365 Basic*, Backlit Keyboard, Snapdragon X - (16 GB/512 GB...","₹58,990",4.4,78 Reviews,Snapdragon X Processor,16 GB LPDDR5X RAM,Windows 11 Home Operating System,512 GB SSD,35.56 cm (14 Inch) Display,"Microsoft Office Home 2024 (Lifetime Validity ) + Microsoft 365 Basic*(1-Year Validity), One-Month Membership of Adobe Creative Cloud All Apps",1 Year Onsite Warranty
Infinix Y4 Max Series Intel Core i3 13th Gen 1315U - (16 GB/512 GB SSD/Windows 11 Home) YL613 Thin and...,"₹59,990",4.3,58 Reviews,Intel Core i3 Processor (13th Gen),16 GB LPDDR4X RAM,64 bit Windows 11 Operating System,512 GB SSD,40.64 cm (16 Inch) Display,,1 Year Onsite Warranty
DELL Inspiron 14 Snapdragon X Plus - (16 GB/512 GB SSD/Windows 11 Home) 7441 Plus Thin and Light Lapto...,"₹85,990",,,Snapdragon X Plus Processor,16 GB LPDDR5X RAM,64 bit Windows 11 Home Operating System,512 GB SSD,35.56 cm (14 Inch) Touchscreen Display,"McAfee LiveSafe 5-device, 3-year, MS Office H&S 2021",
"ASUS Vivobook 16X For Creator, Intel H Series Intel Core i5 12th Gen 12450H - (16 GB/512 GB SSD/Window...","₹89,990",4.2,58 Reviews,Intel Core i5 Processor (12th Gen),16 GB DDR4 RAM,Windows 11 Operating System,512 GB SSD,40.64 cm (16 Inch) Display,,1 Year Onsite Warranty
DELL Inspiron 5440 (2025) Intel Core i3 13th Gen 1305U - (8 GB/512 GB SSD/Windows 11 Home) Inspiron 54...,"₹55,955",4.1,13 Reviews,Intel Core i3 Processor (13th Gen),8 GB DDR5 RAM,64 bit Windows 11 Home Operating System,512 GB SSD,35.56 cm (14 Inch) Display,"Microsoft Office 2021, Windows 11 Home",
MOTOROLA Motobook 60 Pro Full Metal AI PC WUXGA OLED Intel Core Ultra 5 225H - (16 GB/512 GB SSD/Windo...,"₹72,990",4.5,113 Reviews,Intel Core Ultra 5 Processor,16 GB DDR5 RAM,64 bit Windows 11 Operating System,512 GB SSD,35.56 cm (14 inch) Display,,
"ASUS Vivobook 14 (2025) with Office 2024 + M365 Basic*, Backlit Keyboard, Snapdragon X - (16 GB/512 GB...","₹58,990",4.4,78 Reviews,Snapdragon X Processor,16 GB LPDDR5X RAM,Windows 11 Home Operating System,512 GB SSD,35.56 cm (14 Inch) Display,"Microsoft Office Home 2024 (Lifetime Validity ) + Microsoft 365 Basic*(1-Year Validity), One-Month Membership of Adobe Creative Cloud All Apps",1 Year Onsite Warranty
Acer Aspire 15 AMD Ryzen 5 Hexa Core - (8 GB/512 GB SSD/Windows 11 Home) A325-42 Thin and Light Laptop,"₹52,790",,,AMD Ryzen 5 Hexa Core Processor,8 GB DDR4 RAM,Windows 11 Operating System,512 GB SSD,39.62 cm (15.6 inch) Display,,1 Year Carry-in Warranty
HP Intel Core i5 12th Gen 1235U - (16 GB/512 GB SSD/Windows 11 Home) 15s-fq5330TU|15-fd0111TU Thin and...,"₹68,991",,,Intel Core i5 Processor (12th Gen),16 GB DDR4 RAM,Windows 11 Operating System,512 GB SSD,39.62 cm (15.6 inch) Display,,1 Year Onsite warranty
"Apple MacBook Air (M5, 2026) M5 - (16 GB/512 GB SSD/Tahoe) MDHA4HN/A","₹1,40,990",4.7,135 Reviews,Apple M5 Processor,16 GB Unified Memory RAM,Mac OS Operating System,512 GB SSD,34.54 cm (13.6 inch) Display,,1 Year Limited Warranty
Apple Macbook Neo A18 Pro(2026) A18 Pro - (8 GB/512 GB SSD/Tahoe) MHFE4HN/A,"₹82,990",4.7,82 Reviews,Apple A18 Pro Processor,8 GB Unified Memory RAM,Mac OS Operating System,512 GB SSD,33.02 cm (13 inch) Display,,1 Year Limited Warranty
HP Victus AMD Ryzen 5 Hexa Core 5600H - (8 GB/512 GB SSD/Windows 11 Home/4 GB Graphics/NVIDIA GeForce ...,"₹79,990",3.9,7 Reviews,AMD Ryzen 5 Hexa Core Processor,8 GB DDR4 RAM,64 bit Windows 11 Operating System,512 GB SSD,39.62 cm (15.6 Inch) Display,"Microsoft Office Home & Student 2021, HP Documentation, HP e-service, HP BIOS recovery, HP SSRM, HP Smart, HP Jumpstarts",1 Year Onsite Warranty
HP Victus 15 AMD Ryzen 7 Octa Core 5800H - (16 GB/512 GB SSD/Windows 11 Home/4 GB Graphics/NVIDIA GeFo...,"₹92,246",4.4,36 Reviews,AMD Ryzen 7 Octa Core Processor,16 GB DDR4 RAM,Windows 11 Operating System,512 GB SSD,39.62 cm (15.6 Inch) Display,,1 Year Onsite Warranty
HP HP Essentials Intel Core i3 13th Gen 1315U - (12 GB/512 GB SSD/Windows 11 Home) fd0573TU Laptop,"₹60,720",,,Intel Core i3 Processor (13th Gen),12 GB DDR4 RAM,64 bit Windows 11 Home Operating System,512 GB SSD,39.62 cm (15.6 inch) Display,"Microsoft Office Home 2024 (Lifetime), Microsoft 365 Basic (1 Year), McAfee Antivirus (30-Day Trial)",
Infinix Intel Core i7 11th Gen 1195G7 - (16 GB/1 TB SSD/Windows 11 Home) INBook X2 Plus Core i7 Thin a...,"₹89,990",4,1 Reviews,Intel Core i7 Processor (11th Gen),16 GB LPDDR4X RAM,Windows 11 Operating System,1 TB SSD,39.62 cm (15.6 Inch) Display,,1 Year Onsite Warranty
Apple Macbook Neo A18 Pro(2026) A18 Pro - (8 GB/256 GB SSD/Tahoe) MHFH4HN/A,"₹72,990",4.7,82 Reviews,Apple A18 Pro Processor,8 GB Unified Memory RAM,Mac OS Operating System,256 GB SSD,33.02 cm (13 inch) Display,,1 Year Limited Warranty
MOTOROLA Motobook 60 Pro Full Metal AI PC 2.8K OLED Intel Core Ultra 5 225H - (16 GB/512 GB SSD/Window...,"₹77,990",4.5,113 Reviews,Intel Core Ultra 5 Processor,16 GB DDR5 RAM,64 bit Windows 11 Operating System,512 GB SSD,35.56 cm (14 inch) Display,,1 Year Onsite Warranty
Acer Aspire 3 Intel Celeron Dual Core N4500 - (12 GB/512 GB SSD/Windows 11 Home) A324-45 Thin and Ligh...,,3.9,323 Reviews,Intel Celeron Dual Core Processor,12 GB LPDDR4X RAM,64 bit Windows 11 Operating System,512 GB SSD,35.56 cm (14 Inch) Display,,1 Year Carry-in Warranty
Acer Travellite AMD Ryzen 3 Octa Core 5400U - (8 GB/512 GB SSD/Windows 11 Home) TL04-41M Notebook,"₹44,990",,,AMD Ryzen 3 Octa Core Processor,8 GB DDR4 RAM,Windows 11 Home Operating System,512 GB SSD,35.56 cm (14 inch) Display,,
Samsung Galaxy Book4 Metal Intel Core i3 13th Gen 1315U - (8 GB/512 GB SSD/Windows 11 Home) NP750XGJ-L...,"₹49,990",4.4,"1,276 Reviews",Intel Core i3 Processor (13th Gen),8 GB LPDDR4X RAM,64 bit Windows 11 Operating System,512 GB SSD,39.62 cm (15.6 Inch) Display,,1 Year Onsite Warranty
Apple Macbook Neo A18 Pro(2026) A18 Pro - (8 GB/512 GB SSD/Tahoe) MHFC4HN/A,"₹82,990",4.7,82 Reviews,Apple A18 Pro Processor,8 GB Unified Memory RAM,Mac OS Operating System,512 GB SSD,33.02 cm (13 inch) Display,,1 Year Limited Warranty
Lenovo IdeaPad Slim 3 Intel Core i3 11th Gen - (8 GB/256 GB SSD/Windows 11 Home) 15ITL6 Thin and Light...,"₹34,960",4.2,37 Reviews,Intel Core i3 Processor (11th Gen),8 GB DDR4 RAM,Windows 11 Operating System,256 GB SSD,39.62 cm (15.6 Inch) Display,,2 Year Onsite Warranty
Acer Swift Go 14 AMD Ryzen 7 Octa Core 7730U - (16 GB/1 TB SSD/Windows 11 Home) SFG14-41 Thin and Ligh...,"₹84,999",4.4,76 Reviews,AMD Ryzen 7 Octa Core Processor,16 GB LPDDR4X RAM,Windows 11 Operating System,1 TB SSD,35.56 cm (14 Inch) Display,,1 Year Carry-in Warranty
HP 15 with Office 2024 Intel Core 3 14th Gen 100U - (8 GB/512 GB SSD/Windows 11 Home) 15-FD0883TU Lapt...,"₹59,629",4.7,1 Reviews,Intel Core 3 Processor (14th Gen),8 GB DDR5 RAM,Windows 11 Home Operating System,512 GB SSD,39.62 cm (15.6 inch) Display,,
MSI Pulse 17 AI PC Intel Core Ultra 7 155H - (16 GB/1 TB SSD/Windows 11 Home/8 GB Graphics/NVIDIA GeFo...,"₹1,59,990",,,Intel Core Ultra 7 Processor,16 GB DDR5 RAM,Windows 11 Operating System,1 TB SSD,43.18 cm (17 Inch) Display,,2 Year Onsite Warranty
Apple Macbook Neo A18 Pro(2026) A18 Pro - (8 GB/256 GB SSD/Tahoe) MHFA4HN/A,"₹72,990",4.7,82 Reviews,Apple A18 Pro Processor,8 GB Unified Memory RAM,Mac OS Operating System,256 GB SSD,33.02 cm (13 inch) Display,,1 Year Limited Warranty
"ASUS Vivobook 14 (2025) with Office 2024 + M365 Basic*, Backlit Keyboard, Snapdragon X - (16 GB/512 GB...","₹58,990",4.4,78 Reviews,Snapdragon X Processor,16 GB LPDDR5X RAM,Windows 11 Home Operating System,512 GB SSD,35.56 cm (14 Inch) Display,"Microsoft Office Home 2024 (Lifetime Validity ) + Microsoft 365 Basic*(1-Year Validity), One-Month Membership of Adobe Creative Cloud All Apps",1 Year Onsite Warranty
"ASUS Gaming V16 (2025) with Office 2024 + M365 Basic*, AI PC, (i7 14th gen) Intel Core 7 240H - (16 GB...","₹92,990",4.4,11 Reviews,Intel Core 7 Processor,16 GB DDR5 RAM,Windows 11 Home Operating System,512 GB SSD,40.64 cm (16 Inch) Display,"Microsoft Office Home 2024 (Lifetime Validity ) + Microsoft 365 Basic*(1-Year Validity), 
McAfee? 1 year, One-Month Membership of Adobe Creative Cloud All Apps",1 Year Onsite warranty
ASUS Pro P5 Intel Core i5 8th Gen 8265U - (8 GB/1 TB HDD/Windows 10 Pro) Pro P5 P5440FA Thin and Light...,"₹81,990",,,Intel Core i5 Processor (8th Gen),8 GB DDR4 RAM,64 bit Windows 10 Operating System,1 TB HDD,35.56 cm (14 Inch) Display,,1 Year Manufacturer Warranty on the Device and 6 Months Manufacturer Warranty on Included Accessories from the Date of Purchase
MOTOROLA Motobook 60 Pro Full Metal AI PC WUXGA OLED Intel Core Ultra 5 225H - (16 GB/512 GB SSD/Windo...,"₹72,990",4.5,113 Reviews,Intel Core Ultra 5 Processor,16 GB DDR5 RAM,64 bit Windows 11 Operating System,512 GB SSD,35.56 cm (14 inch) Display,,
Lenovo IdeaPad Slim 3 with 1Yr ADP Snapdragon X - (16 GB/1 TB SSD/Windows 11 Home) 15Q8X10 Thin and Li...,"₹66,990",4.2,5 Reviews,Snapdragon X Processor,16 GB LPDDR5X RAM,Windows 11 Home Operating System,1 TB SSD,38.86 cm (15.3 inch) Display,,
Lenovo IdeaPad Gaming 3 Intel Core i5 11th Gen 11320H - (8 GB/512 GB SSD/Windows 11 Home/4 GB Graphics...,"₹53,990",4.1,62 Reviews,Intel Core i5 Processor (11th Gen),8 GB DDR4 RAM,Windows 11 Operating System,512 GB SSD,39.62 cm (15.6 Inch) Display,,1 Year Onsite Warranty
Acer Nitro V AMD Ryzen 7 Octa Core 7735HS - (16 GB/512 GB SSD/Windows 11 Home/6 GB Graphics/NVIDIA GeF...,"₹1,04,046",4.2,26 Reviews,AMD Ryzen 7 Octa Core Processor,16 GB DDR5 RAM,Windows 11 Operating System,512 GB SSD,39.62 cm (15.6 Inch) Display,,1 Year International Travelers Warranty (ITW)
HP Envy x360 AMD Ryzen 5 Hexa Core 7530U - (16 GB/512 GB SSD/Windows 11 Home) 15-fh0016AU Laptop,"₹99,004",4.9,1 Reviews,AMD Ryzen 5 Hexa Core Processor,16 GB LPDDR4X RAM,Windows 11 Operating System,512 GB SSD,39.62 cm (15.6 Inch) Touchscreen Display,,1 Year Onsite Warranty
HP 250 G8 Intel Core i3 11th Gen - (8 GB/512 GB SSD/Windows 11 Home) 250 G8 Business Laptop,"₹49,735",,,Intel Core i3 Processor (11th Gen),8 GB DDR4 RAM,64 bit Windows 11 Operating System,512 GB SSD,39.62 cm (15.6 inch) Display,,1 Year Onsite Warranty
"ASUS Vivobook 14 (2025) with Office 2024 + M365 Basic*, Backlit Keyboard, Snapdragon X - (16 GB/512 GB...","₹58,990",4.4,78 Reviews,Snapdragon X Processor,16 GB LPDDR5X RAM,Windows 11 Home Operating System,512 GB SSD,35.56 cm (14 Inch) Display,"Microsoft Office Home 2024 (Lifetime Validity ) + Microsoft 365 Basic*(1-Year Validity), One-Month Membership of Adobe Creative Cloud All Apps",1 Year Onsite Warranty
"Apple MacBook Air (M5, 2026) M5 - (16 GB/512 GB SSD/Tahoe) MDHA4HN/A","₹1,40,990",4.7,135 Reviews,Apple M5 Processor,16 GB Unified Memory RAM,Mac OS Operating System,512 GB SSD,34.54 cm (13.6 inch) Display,,1 Year Limited Warranty
HP 250 G9 Intel Core i3 12th Gen 1215U - (8 GB/512 GB SSD/Windows 11 Home) 7M657PA Thin and Light Lapt...,"₹55,990",4.1,4 Reviews,Intel Core i3 Processor (12th Gen),8 GB DDR4 RAM,64 bit Windows 11 Operating System,512 GB SSD,39.62 cm (15.6 Inch) Display,,1 year Domestic warranty
HP 15 (i3 14th Gen) Intel Core 3 100U - (16 GB/512 GB SSD/Windows 11 Home) 15-fd0885TU Thin and Light ...,"₹50,843",4.2,121 Reviews,Intel Core 3 Processor,16 GB DDR4 RAM,Windows 11 Home Operating System,512 GB SSD,39.62 cm (15.6 inch) Display,MS Office Home 2024 + MISC PC Game Pass DA 3M,1 Year Onsite Warranty
Apple Macbook Neo A18 Pro(2026) A18 Pro - (8 GB/512 GB SSD/Tahoe) MHFE4HN/A,"₹82,990",4.7,82 Reviews,Apple A18 Pro Processor,8 GB Unified Memory RAM,Mac OS Operating System,512 GB SSD,33.02 cm (13 inch) Display,,1 Year Limited Warranty
Apple Macbook Neo A18 Pro(2026) A18 Pro - (8 GB/256 GB SSD/Tahoe) MHFH4HN/A,"₹72,990",4.7,82 Reviews,Apple A18 Pro Processor,8 GB Unified Memory RAM,Mac OS Operating System,256 GB SSD,33.02 cm (13 inch) Display,,1 Year Limited Warranty
HP 250 G8 Intel Core i3 11th Gen - (8 GB/512 GB SSD/Windows 11 Home) 250 G8 Business Laptop,"₹55,990",4.1,73 Reviews,Intel Core i3 Processor (11th Gen),8 GB DDR4 RAM,64 bit Windows 11 Operating System,512 GB SSD,39.62 cm (15.6 Inch) Display,,1Year Onsite Warranty
Lenovo V 14 (2025) Intel Core i3 13th Gen 1315U - (8 GB/512 GB SSD/Windows 11 Pro) V 14 Thin and Light...,"₹59,990",4.7,1 Reviews,Intel Core i3 Processor (13th Gen),8 GB DDR4 RAM,64 bit Windows 11 Operating System,512 GB SSD,35.56 cm (14 Inch) Display,"Microsoft Office 2021, Windows 11 Pro",1 Year Warranty
DELL PRO 15 Backlit (2025) AMD Ryzen 5 Quad Core 7520U - (8 GB/512 GB SSD/Windows 11 Home) PRO 15 Thin...,"₹51,990",4.2,5 Reviews,AMD Ryzen 5 Quad Core Processor,8 GB LPDDR5 RAM,64 bit Windows 11 Home Operating System,512 GB SSD,39.62 cm (15.6 Inch) Display,"Microsoft Office 2021, Windows 11 Home",
Lenovo IdeaPad Slim 3 WUXGA IPS Intel Core i5 13th Gen 13420H - (16 GB/512 GB SSD/Windows 11 Home) 15I...,"₹70,481",4.3,33 Reviews,Intel Core i5 Processor (13th Gen),16 GB DDR5 RAM,Windows 11 Home Operating System,512 GB SSD,38.86 cm (15.3 inch) Display,Microsoft Office Home 2024,1 Year Carry-in Warranty
Samsung Galaxy Book4 Metal Intel Core i3 13th Gen 1315U - (8 GB/512 GB SSD/Windows 11 Home) NP750XGJ-L...,"₹49,990",4.4,"1,276 Reviews",Intel Core i3 Processor (13th Gen),8 GB LPDDR4X RAM,64 bit Windows 11 Operating System,512 GB SSD,39.62 cm (15.6 Inch) Display,,1 Year Onsite Warranty
Apple Macbook Neo A18 Pro(2026) A18 Pro - (8 GB/512 GB SSD/Tahoe) MHFC4HN/A,"₹82,990",4.7,82 Reviews,Apple A18 Pro Processor,8 GB Unified Memory RAM,Mac OS Operating System,512 GB SSD,33.02 cm (13 inch) Display,,1 Year Limited Warranty
Samsung Galaxy Book5 AI Metal Intel Core Ultra 7 255U - (16 GB/1 TB SSD/Windows 11 Home) NP750XHD Thin...,"₹1,27,990",4.4,12 Reviews,Intel Core Ultra 7 Processor,16 GB LPDDR5X RAM,64 bit Windows 11 Operating System,1 TB SSD,39.62 cm (15.6 Inch) Display,MS Office Home and Student 2024,1 Year Manufacturer Warranty for Laptop and 6 Months for In-Box Accessories
Acer Nitro V AMD Ryzen 5 Hexa Core 6600H - (16 GB/512 GB SSD/Windows 11 Home/6 GB Graphics/NVIDIA GeFo...,"₹1,08,999",4.4,96 Reviews,AMD Ryzen 5 Hexa Core Processor,16 GB DDR5 RAM,64 bit Windows 11 Operating System,512 GB SSD,39.62 cm (15.6 inch) Display,,1 Year International Travelers Warranty (ITW)
Apple Macbook Neo A18 Pro(2026) A18 Pro - (8 GB/256 GB SSD/Tahoe) MHFA4HN/A,"₹72,990",4.7,82 Reviews,Apple A18 Pro Processor,8 GB Unified Memory RAM,Mac OS Operating System,256 GB SSD,33.02 cm (13 inch) Display,,1 Year Limited Warranty
"ASUS Vivobook 14 (2025) with Office 2024 + M365 Basic*, Backlit Keyboard, Snapdragon X - (16 GB/512 GB...","₹58,990",4.4,78 Reviews,Snapdragon X Processor,16 GB LPDDR5X RAM,Windows 11 Home Operating System,512 GB SSD,35.56 cm (14 Inch) Display,"Microsoft Office Home 2024 (Lifetime Validity ) + Microsoft 365 Basic*(1-Year Validity), One-Month Membership of Adobe Creative Cloud All Apps",1 Year Onsite Warranty
HP Victus Intel Core i5 12th Gen 12450H - (16 GB/512 GB SSD/Windows 11 Home/4 GB Graphics/NVIDIA GeFor...,"₹85,673",4.3,30 Reviews,Intel Core i5 Processor (12th Gen),16 GB DDR4 RAM,Windows 11 Operating System,512 GB SSD,39.62 cm (15.6 Inch) Display,,1 Year Onsite Warranty
Infinix X1 Slim Series Intel Core i5 10th Gen 1035G1 - (16 GB/512 GB SSD/Windows 11 Home) XL21 Thin an...,"₹64,999",4,129 Reviews,Intel Core i5 Processor (10th Gen),16 GB LPDDR4X RAM,64 bit Windows 11 Operating System,512 GB SSD,35.56 cm (14 Inch) Display,,1 Year Onsite Warranty
"ASUS Vivobook 16 (2025), Copilot + PC with Backlit Keyboard, AI PC, Snapdragon X - (16 GB/512 GB SSD/W...","₹64,990",4.1,17 Reviews,Snapdragon X Processor,16 GB LPDDR5X RAM,Windows 11 Home Operating System,512 GB SSD,40.64 cm (16 Inch) Display,"Microsoft Office Home 2024 (Lifetime Validity ) + Microsoft 365 Basic*(1-Year Validity), One-Month Membership of Adobe Creative Cloud All Apps",1 Year Onsite Warranty
MSI Modern 14 AMD Ryzen 5 Hexa Core 7530U - (8 GB/512 GB SSD/Windows 11 Home) Modern 14 C7M-063IN Thin...,"₹61,990",4.4,556 Reviews,AMD Ryzen 5 Hexa Core Processor,8 GB DDR4 RAM,64 bit Windows 11 Operating System,512 GB SSD,35.56 cm (14 Inch) Display,,1 Year Onsite Warranty
MOTOROLA Motobook 60 Pro Full Metal AI PC WUXGA OLED Intel Core Ultra 5 225H - (16 GB/512 GB SSD/Windo...,"₹72,990",4.5,113 Reviews,Intel Core Ultra 5 Processor,16 GB DDR5 RAM,64 bit Windows 11 Operating System,512 GB SSD,35.56 cm (14 inch) Display,,
"ASUS Vivobook 14 (2025) with Office 2024 + M365 Basic*, Backlit Keyboard, Snapdragon X - (16 GB/512 GB...","₹58,990",4.4,78 Reviews,Snapdragon X Processor,16 GB LPDDR5X RAM,Windows 11 Home Operating System,512 GB SSD,35.56 cm (14 Inch) Display,"Microsoft Office Home 2024 (Lifetime Validity ) + Microsoft 365 Basic*(1-Year Validity), One-Month Membership of Adobe Creative Cloud All Apps",1 Year Onsite Warranty
ASUS Vivobook 15 Intel Core i5 11th Gen 1135G7 - (8 GB/512 GB SSD/Windows 11 Home) X515EA-EJ522WS Thin...,"₹58,990",4.3,632 Reviews,Intel Core i5 Processor (11th Gen),8 GB DDR4 RAM,64 bit Windows 11 Operating System,512 GB SSD,39.62 cm (15.6 Inch) Display,,1 Year Onsite Warranty
"ASUS Vivobook 16X For Creator, Intel H Series Intel Core i5 13th Gen 13420H - (16 GB/512 GB SSD/Window...","₹93,248",4.3,124 Reviews,Intel Core i5 Processor (13th Gen),16 GB DDR4 RAM,Windows 11 Operating System,512 GB SSD,40.64 cm (16 Inch) Display,,1 Year Onsite Warranty
"Apple MacBook Air (M5, 2026) M5 - (16 GB/512 GB SSD/Tahoe) MDHA4HN/A","₹1,40,990",4.7,135 Reviews,Apple M5 Processor,16 GB Unified Memory RAM,Mac OS Operating System,512 GB SSD,34.54 cm (13.6 inch) Display,,1 Year Limited Warranty
Apple Macbook Neo A18 Pro(2026) A18 Pro - (8 GB/512 GB SSD/Tahoe) MHFE4HN/A,"₹82,990",4.7,82 Reviews,Apple A18 Pro Processor,8 GB Unified Memory RAM,Mac OS Operating System,512 GB SSD,33.02 cm (13 inch) Display,,1 Year Limited Warranty
Acer Aspire 3 Backlit Intel Core i5 12th Gen 1235U - (8 GB/512 GB SSD/Windows 11 Home) A324-51 Thin an...,"₹61,358",4.2,217 Reviews,Intel Core i5 Processor (12th Gen),8 GB DDR4 RAM,64 bit Windows 11 Operating System,512 GB SSD,35.56 cm (14 Inch) Display,,1 Year Domestic Warranty
HP 255R G10 (2025) Professional AMD Ryzen 3 Quad Core 7335U - (8 GB/512 GB SSD/Windows 11 Pro) 255R G1...,"₹55,650",3.6,1 Reviews,AMD Ryzen 3 Quad Core Processor,8 GB DDR5 RAM,64 bit Windows 11 Operating System,512 GB SSD,39.62 cm (15.6 Inch) Display,"Microsoft Office 2021, Windows 11 Pro",
HP AMD Ryzen 3 Quad Core - (8 GB/512 GB SSD/Windows 11 Home) 15-fc0025AU Thin and Light Laptop,"₹55,353",,,AMD Ryzen 3 Quad Core Processor,8 GB DDR4 RAM,Windows 11 Home Operating System,512 GB SSD,39.62 cm (15.6 inch) Display,,
MSI Creator Z17 HX Studio Intel Core i7 14th Gen 14700HX - (32 GB/2 TB SSD/Windows 11 Pro/8 GB Graphic...,"₹3,04,990",,,Intel Core i7 Processor (14th Gen),32 GB DDR5 RAM,Windows 11 Operating System,2 TB SSD,43.18 cm (17 Inch) Touchscreen Display,,2 Year Onsite Warranty
Samsung Galaxy Book4 Metal Intel Core i3 13th Gen 1315U - (8 GB/512 GB SSD/Windows 11 Home) NP750XGJ-L...,"₹49,990",4.4,"1,276 Reviews",Intel Core i3 Processor (13th Gen),8 GB LPDDR4X RAM,64 bit Windows 11 Operating System,512 GB SSD,39.62 cm (15.6 Inch) Display,,1 Year Onsite Warranty
Apple Macbook Neo A18 Pro(2026) A18 Pro - (8 GB/512 GB SSD/Tahoe) MHFC4HN/A,"₹82,990",4.7,82 Reviews,Apple A18 Pro Processor,8 GB Unified Memory RAM,Mac OS Operating System,512 GB SSD,33.02 cm (13 inch) Display,,1 Year Limited Warranty
HP {2026} AMD Ryzen 5 Hexa Core 7535U - (8 GB/512 GB SSD/Windows 11 Home) 255R G10 Laptop,"₹56,765",4.6,0 Reviews,AMD Ryzen 5 Hexa Core Processor,8 GB DDR5 RAM,Windows 11 Home Operating System,512 GB SSD,39.62 cm (15.6 inch) Display,Microsoft Office Home 2024 + Microsoft 365 Basic,1 Year Onsite Warranty
Infinix B15 Series AMD Ryzen 7 Octa Core 5825U - (8 GB/512 GB SSD/Windows 11 Home) BL51A5 Thin and Lig...,"₹59,990",4.2,17 Reviews,AMD Ryzen 7 Octa Core Processor,8 GB DDR4 RAM,Windows 11 Operating System,512 GB SSD,39.62 cm (15.6 Inch) Display,,1 Year Domestic Onsite Warranty On Laptop And 6 Months On Adapter
Apple Macbook Neo A18 Pro(2026) A18 Pro - (8 GB/256 GB SSD/Tahoe) MHFA4HN/A,"₹72,990",4.7,82 Reviews,Apple A18 Pro Processor,8 GB Unified Memory RAM,Mac OS Operating System,256 GB SSD,33.02 cm (13 inch) Display,,1 Year Limited Warranty
"ASUS Vivobook 14 (2025) with Office 2024 + M365 Basic*, Backlit Keyboard, Snapdragon X - (16 GB/512 GB...","₹58,990",4.4,78 Reviews,Snapdragon X Processor,16 GB LPDDR5X RAM,Windows 11 Home Operating System,512 GB SSD,35.56 cm (14 Inch) Display,"Microsoft Office Home 2024 (Lifetime Validity ) + Microsoft 365 Basic*(1-Year Validity), One-Month Membership of Adobe Creative Cloud All Apps",1 Year Onsite Warranty
ASUS ExpertBook P1 Intel Core i5 13th Gen 13420H - (16 GB/512 GB SSD/Windows 11 Home) P1503CVA-S70611W...,"₹80,770",4.3,467 Reviews,Intel Core i5 Processor (13th Gen),16 GB DDR5 RAM,64 bit Windows 11 Home Operating System,512 GB SSD,39.62 cm (15.6 Inch) Display,"Included Software- Microsoft Office Home 2024(includes Word, Excel, PowerPoint, and OneNote) (Lifetime Validity ) + Microsoft 365 Basic*(1-Year Validity), McAfee+TM Premium (1 year Validity)",1 Year Onsite Warranty
MSI Summit E13 Evo AI PC Intel Core Ultra 7 1st Gen 155H - (32 GB/1 TB SSD/Windows 11 Home) Summit E13...,"₹1,19,000",5,1 Reviews,Intel Core Ultra 7 Processor (1st Gen),32 GB LPDDR5 RAM,Windows 11 Operating System,1 TB SSD,33.78 cm (13.3 Inch) Touchscreen Display,,2 Year Warranty Term
DELL Inspiron 5440 (i3 14th gen) Intel Core 3 14th Gen 100U - (8 GB/512 GB SSD/Windows 11 Pro) 7FN4J T...,"₹53,697",,,Intel Core 3 Processor (14th Gen),8 GB DDR4 RAM,64 bit DOS Operating System,512 GB SSD,35.56 cm (14 inch) Display,,
DELL Inspiron 14 Microsoft Office Home 2024 Intel Core i5 13th Gen 1334U - (16 GB/512 GB SSD/Windows 1...,"₹85,574",4.1,4 Reviews,Intel Core i5 Processor (13th Gen),16 GB DDR5 RAM,Windows 11 Operating System,512 GB SSD,35.56 cm (14 Inch) Touchscreen Display,Microsoft Office Home 2024 | Dell Support Assist,
MOTOROLA Motobook 60 Pro Full Metal AI PC WUXGA OLED Intel Core Ultra 5 225H - (16 GB/512 GB SSD/Windo...,"₹72,990",4.5,113 Reviews,Intel Core Ultra 5 Processor,16 GB DDR5 RAM,64 bit Windows 11 Operating System,512 GB SSD,35.56 cm (14 inch) Display,,
"ASUS Vivobook 14 (2025) with Office 2024 + M365 Basic*, Backlit Keyboard, Snapdragon X - (16 GB/512 GB...","₹58,990",4.4,78 Reviews,Snapdragon X Processor,16 GB LPDDR5X RAM,Windows 11 Home Operating System,512 GB SSD,35.56 cm (14 Inch) Display,"Microsoft Office Home 2024 (Lifetime Validity ) + Microsoft 365 Basic*(1-Year Validity), One-Month Membership of Adobe Creative Cloud All Apps",1 Year Onsite Warranty
Avita Liber Intel Core i5 7th Gen 7Y54 - (8 GB/256 GB SSD/Windows 10 Home) NS13A1IN007P Thin and Light...,"₹60,990",4.2,24 Reviews,Intel Core i5 Processor (7th Gen),8 GB DDR3 RAM,64 bit Windows 10 Operating System,256 GB SSD,33.78 cm (13.3 Inch) Display,,18 Months Warranty + 6 Months Extended Warranty (6 Months Extended Warranty Upon Online Product Registration on www.avita-india.com)
Lenovo IdeaPad Flex 5 AMD Ryzen 5 Hexa Core 5500U - (8 GB/512 GB SSD/Windows 11 Home) 14ALC05 2 in 1 L...,"₹78,397",4.3,10 Reviews,AMD Ryzen 5 Hexa Core Processor,8 GB DDR4 RAM,64 bit Windows 11 Operating System,512 GB SSD,35.56 cm (14 Inch) Touchscreen Display,,1 Year Onsite Warranty + 1 Year Premium Care + 1 Year Accidental Damage Protection
"Apple MacBook Air (M5, 2026) M5 - (16 GB/512 GB SSD/Tahoe) MDHA4HN/A","₹1,40,990",4.7,135 Reviews,Apple M5 Processor,16 GB Unified Memory RAM,Mac OS Operating System,512 GB SSD,34.54 cm (13.6 inch) Display,,1 Year Limited Warranty
Apple Macbook Neo A18 Pro(2026) A18 Pro - (8 GB/512 GB SSD/Tahoe) MHFE4HN/A,"₹82,990",4.7,82 Reviews,Apple A18 Pro Processor,8 GB Unified Memory RAM,Mac OS Operating System,512 GB SSD,33.02 cm (13 inch) Display,,1 Year Limited Warranty
"ASUS Gaming V16 (2025) for Creator with Office 2024 + M365 Basic*, AI PC(i5 14th gen) Intel Core 5 210...","₹89,990",4.1,6 Reviews,Intel Core 5 Processor,16 GB DDR5 RAM,Windows 11 Home Operating System,512 GB SSD,40.64 cm (16 Inch) Display,"Microsoft Office Home 2024 (Lifetime Validity ) + Microsoft 365 Basic*(1-Year Validity), One-Month Membership of Adobe Creative Cloud All Apps, McAfee 1 year",1 Year Onsite Warranty
GIGABYTE AORUS Intel Core i5 12th Gen 12500H - (16 GB/1 TB SSD/Windows 11 Home/8 GB Graphics/NVIDIA Ge...,"₹2,22,750",,,Intel Core i5 Processor (12th Gen),16 GB DDR5 RAM,Windows 11 Home Operating System,1 TB SSD,39.62 cm (15.6 Inch) Display,,2 Year Carry-in Warranty
HP 250R G9 Intel Core i3 13th Gen 1315U - (16 GB/512 GB SSD/Windows 11 Pro) 250R G9 Business Laptop,"₹59,899",4,22 Reviews,Intel Core i3 Processor (13th Gen),16 GB DDR4 RAM,64 bit Windows 11 Operating System,512 GB SSD,39.62 cm (15.6 Inch) Display,,1 YEAR BRAND WARRANTY
HP 15R (2025) Intel Core i3 13th Gen 1315U - (8 GB/512 GB SSD/Windows 11 Pro) 15R G9 Thin and Light La...,"₹61,938",4.2,17 Reviews,Intel Core i3 Processor (13th Gen),8 GB DDR4 RAM,64 bit Windows 11 Operating System,512 GB SSD,39.62 cm (15.6 Inch) Display,"Microsoft Office Pro Plus 2021, Windows 11 Pro",1 Year Onsite Warranty
Apple Macbook Neo A18 Pro(2026) A18 Pro - (8 GB/256 GB SSD/Tahoe) MHFH4HN/A,"₹72,990",4.7,82 Reviews,Apple A18 Pro Processor,8 GB Unified Memory RAM,Mac OS Operating System,256 GB SSD,33.02 cm (13 inch) Display,,1 Year Limited Warranty
MOTOROLA Motobook 60 Pro Full Metal AI PC 2.8K OLED Intel Core Ultra 5 225H - (16 GB/512 GB SSD/Window...,"₹77,990",4.5,113 Reviews,Intel Core Ultra 5 Processor,16 GB DDR5 RAM,64 bit Windows 11 Operating System,512 GB SSD,35.56 cm (14 inch) Display,,1 Year Onsite Warranty
Acer Aspire 5 Intel Core i5 11th Gen 1135G7 - (8 GB/512 GB SSD/Windows 11 Home) A515-56-51EV Thin and ...,"₹61,990",4.2,38 Reviews,Intel Core i5 Processor (11th Gen),8 GB DDR4 RAM,64 bit Windows 11 Operating System,512 GB SSD,39.62 cm (15.6 Inch) Display,"Acer Care Center, Quick Access, Acer Product Registration, MS Office 2021 Home & Student",1 Year International Travelers Warranty (ITW)
HP Victus Intel Core i5 12th Gen 12450H - (16 GB/512 GB SSD/Windows 11 Pro/4 GB Graphics/NVIDIA GeForc...,"₹82,405",4.3,30 Reviews,Intel Core i5 Processor (12th Gen),16 GB DDR4 RAM,64 bit Windows 11 Operating System,512 GB SSD,39.62 cm (15.6 Inch) Display,,1 Year Onsite Warranty
Samsung Galaxy Book4 Metal Intel Core i3 13th Gen 1315U - (8 GB/512 GB SSD/Windows 11 Home) NP750XGJ-L...,"₹49,990",4.4,"1,276 Reviews",Intel Core i3 Processor (13th Gen),8 GB LPDDR4X RAM,64 bit Windows 11 Operating System,512 GB SSD,39.62 cm (15.6 Inch) Display,,1 Year Onsite Warranty
Apple Macbook Neo A18 Pro(2026) A18 Pro - (8 GB/512 GB SSD/Tahoe) MHFC4HN/A,"₹82,990",4.7,82 Reviews,Apple A18 Pro Processor,8 GB Unified Memory RAM,Mac OS Operating System,512 GB SSD,33.02 cm (13 inch) Display,,1 Year Limited Warranty
Primebook 2 Max (2025) in-Built AI MediaTek Helio G99 (MT8781) - (8 GB/256 GB/Android 15) PBG9915256#3...,"₹34,990",4.4,574 Reviews,MediaTek Helio G99 (MT8781) Processor,8 GB LPDDR4X RAM,64 bit Android Operating System,,39.62 cm (15.6 Inch) Display,,1 Year Onsite Warranty
Lenovo V 14 (2025) Intel Core i5 13th Gen 13420H - (8 GB/512 GB SSD/Windows 11 Home) V14 Thin and Ligh...,"₹62,990",3.5,1 Reviews,Intel Core i5 Processor (13th Gen),8 GB DDR4 RAM,64 bit Windows 11 Home Operating System,512 GB SSD,35.56 cm (14 Inch) Display,"Microsoft Office 2021, Windows 11 Home",1 Year Onsite Warranty
"ASUS Vivobook 14X For Creator, Intel H-Series Intel Core i5 12th Gen 12450H - (16 GB/512 GB SSD/Window...","₹75,500",4.8,1 Reviews,Intel Core i5 Processor (12th Gen),16 GB DDR4 RAM,Windows 11 Operating System,512 GB SSD,35.56 cm (14 Inch) Display,,1 Year Onsite Warranty
ASUS ZenBook 13 (2021) OLED Intel EVO Intel Core i5 11th Gen 1135G7 - (16 GB/512 GB SSD/Windows 10 Hom...,"₹72,590",4.6,6 Reviews,Intel Core i5 Processor (11th Gen),16 GB LPDDR4X RAM,64 bit Windows 10 Operating System,512 GB SSD,33.78 cm (13.3 Inch) Display,"Microsoft Office Home and Student 2019, My Asus, Splendid, Tru2Life",1 Year Onsite Warranty
Apple Macbook Neo A18 Pro(2026) A18 Pro - (8 GB/256 GB SSD/Tahoe) MHFA4HN/A,"₹72,990",4.7,82 Reviews,Apple A18 Pro Processor,8 GB Unified Memory RAM,Mac OS Operating System,256 GB SSD,33.02 cm (13 inch) Display,,1 Year Limited Warranty
"ASUS Vivobook 14 (2025) with Office 2024 + M365 Basic*, Backlit Keyboard, Snapdragon X - (16 GB/512 GB...","₹58,990",4.4,78 Reviews,Snapdragon X Processor,16 GB LPDDR5X RAM,Windows 11 Home Operating System,512 GB SSD,35.56 cm (14 Inch) Display,"Microsoft Office Home 2024 (Lifetime Validity ) + Microsoft 365 Basic*(1-Year Validity), One-Month Membership of Adobe Creative Cloud All Apps",1 Year Onsite Warranty
Acer Aspire Lite Intel Core i3 12th Gen 1215U - (8 GB/512 GB SSD/Windows 11 Home) AL15-52 Thin and Lig...,"₹51,990",4.1,89 Reviews,Intel Core i3 Processor (12th Gen),8 GB DDR4 RAM,64 bit Windows 11 Home Operating System,512 GB SSD,39.62 cm (15.6 Inch) Display,,
DELL Inspiron 15 MSO'24 Intel Core i5 13th Gen 1334U - (16 GB/1 TB SSD/Windows 11 Home) 15 DC15250 Thi...,"₹87,837",4.1,13 Reviews,Intel Core i5 Processor (13th Gen),16 GB DDR4 RAM,64 bit Windows 11 Operating System,1 TB SSD,38.1 cm (15 Inch) Display,,
MOTOROLA Motobook 60 Pro Full Metal AI PC WUXGA OLED Intel Core Ultra 5 225H - (16 GB/512 GB SSD/Windo...,"₹72,990",4.5,113 Reviews,Intel Core Ultra 5 Processor,16 GB DDR5 RAM,64 bit Windows 11 Operating System,512 GB SSD,35.56 cm (14 inch) Display,,
"ASUS Vivobook 14 (2025) with Office 2024 + M365 Basic*, Backlit Keyboard, Snapdragon X - (16 GB/512 GB...","₹58,990",4.4,78 Reviews,Snapdragon X Processor,16 GB LPDDR5X RAM,Windows 11 Home Operating System,512 GB SSD,35.56 cm (14 Inch) Display,"Microsoft Office Home 2024 (Lifetime Validity ) + Microsoft 365 Basic*(1-Year Validity), One-Month Membership of Adobe Creative Cloud All Apps",1 Year Onsite Warranty
ASUS Vivobook 14 OLED (2026) Intel Core i3 1315U - (8 GB/512 GB SSD/Windows 11 Home) X1404VA-EB1924WS ...,"₹44,990",,,Intel Core i3 Processor,8 GB DDR4 RAM,Windows 11 Home Operating System,512 GB SSD,35.56 cm (14 inch) Display,"MSO 2024 for lifetime + Microsoft 365 Basic with 100GB Cloud Storage for 1 Year, McAfee 1 year",
Lenovo IdeaPad Slim 3 AMD Ryzen 3 Quad Core 7320U - (8 GB/512 GB SSD/Windows 11 Home) 15AMN8 Thin and ...,"₹53,708",4.3,1 Reviews,AMD Ryzen 3 Quad Core Processor,8 GB LPDDR5 RAM,Windows 11 Operating System,512 GB SSD,39.62 cm (15.6 Inch) Display,Microsoft Office Home & Student 2021,
Lenovo IdeaPad Gaming 3 Intel Core i5 11th Gen 11300H - (8 GB/512 GB SSD/Windows 11 Home/4 GB Graphics...,"₹52,990",4.3,113 Reviews,Intel Core i5 Processor (11th Gen),8 GB DDR4 RAM,Windows 11 Operating System,512 GB SSD,39.62 cm (15.6 Inch) Display,,1 Year Onsite Warranty
HP Pavilion AMD Ryzen 5 Hexa Core 5625U - (16 GB/512 GB SSD/Windows 11 Home) 15-eh2047AU Thin and Ligh...,"₹72,999",2.3,0 Reviews,AMD Ryzen 5 Hexa Core Processor,16 GB DDR4 RAM,64 bit Windows 11 Operating System,512 GB SSD,39.62 cm (15.6 Inch) Display,,1 Year Onsite Warranty
"Apple MacBook Air (M5, 2026) M5 - (16 GB/512 GB SSD/Tahoe) MDHA4HN/A","₹1,40,990",4.7,135 Reviews,Apple M5 Processor,16 GB Unified Memory RAM,Mac OS Operating System,512 GB SSD,34.54 cm (13.6 inch) Display,,1 Year Limited Warranty
Apple Macbook Neo A18 Pro(2026) A18 Pro - (8 GB/512 GB SSD/Tahoe) MHFE4HN/A,"₹82,990",4.7,82 Reviews,Apple A18 Pro Processor,8 GB Unified Memory RAM,Mac OS Operating System,512 GB SSD,33.02 cm (13 inch) Display,,1 Year Limited Warranty
ASUS Vivobook 15 Intel Core i3 11th Gen i3-1115G4 - (8 GB/512 GB SSD/Windows 11 Home) X1500EA-EJ3381WS...,"₹48,144",,,Intel Core i3 Processor (11th Gen),8 GB DDR4 RAM,64 bit Windows 11 Operating System,512 GB SSD,39.62 cm (15.6 inch) Display,"Windows 11, Microsoft Office H&S 2021, 1 Year McAfee",1 Year Onsite Warranty
Lenovo AMD Ryzen 5 Quad Core - (16 GB/512 GB SSD/Windows 11 Home) V15 Thin and Light Laptop,"₹61,490",,,AMD Ryzen 5 Quad Core Processor,16 GB DDR4 RAM,Windows 11 Operating System,512 GB SSD,39.62 cm (15.6 inch) Display,,1 Year Onsite Brand Warranty
Apple Macbook Neo A18 Pro(2026) A18 Pro - (8 GB/256 GB SSD/Tahoe) MHFH4HN/A,"₹72,990",4.7,82 Reviews,Apple A18 Pro Processor,8 GB Unified Memory RAM,Mac OS Operating System,256 GB SSD,33.02 cm (13 inch) Display,,1 Year Limited Warranty
MOTOROLA Motobook 60 Pro Full Metal AI PC 2.8K OLED Intel Core Ultra 5 225H - (16 GB/512 GB SSD/Window...,"₹77,990",4.5,113 Reviews,Intel Core Ultra 5 Processor,16 GB DDR5 RAM,64 bit Windows 11 Operating System,512 GB SSD,35.56 cm (14 inch) Display,,1 Year Onsite Warranty
MSI Prestige 13 Evo Intel Core i5 12th Gen 1240P - (8 GB/512 GB SSD/Windows 11 Home) Prestige 13 Evo A...,"₹1,06,990",4.8,0 Reviews,Intel Core i5 Processor (12th Gen),8 GB LPDDR5 RAM,Windows 11 Operating System,512 GB SSD,33.78 cm (13.3 Inch) Display,,2 Year Carry-in warranty
HP 255R G10 (2026) Professional DDR5 5600Mhz AMD Ryzen 3 Quad Core 7335U - (8 GB/512 GB SSD/Windows 11...,"₹53,990",4.6,0 Reviews,AMD Ryzen 3 Quad Core Processor,8 GB DDR5 RAM,64 bit Windows 11 Home Operating System,512 GB SSD,39.62 cm (15.6 Inch) Display,"Microsoft Office 2021, Windows 11 Home",1 Year Warranty
Lenovo AMD Ryzen AI 5 Hexa Core 7th Gen - (12 GB/512 GB SSD/Windows 11 Home/6 GB Graphics/NVIDIA GeFor...,"₹89,999",3,0 Reviews,AMD Ryzen AI 5 Hexa Core Processor (7th Gen),12 GB LPDDR5 RAM,Windows 11 Home Operating System,512 GB SSD,39.62 cm (15.6 Inch) Display,,
"Acer Aspire 14 with Backlit Keyboard, Intel Core i5 13th Gen - (16 GB/512 GB SSD/Windows 11 Home) AS14...","₹69,990",,,Intel Core i5 Processor (13th Gen),16 GB LPDDR5 RAM,64 bit Windows 11 Home Operating System,512 GB SSD,35.56 cm (14 inch) Display,,1 Year Warranty
HP Pavilion AMD Ryzen 5 Hexa Core 5625U - (16 GB/512 GB SSD/Windows 11 Home) 15-eh2047AU Thin and Ligh...,"₹72,999",2.3,0 Reviews,AMD Ryzen 5 Hexa Core Processor,16 GB DDR4 RAM,64 bit Windows 11 Operating System,512 GB SSD,39.62 cm (15.6 Inch) Display,,1 Year Onsite Warranty
Lenovo IdeaPad Slim 5 Intel Core i5 12th Gen 12450H - (16 GB/1 TB SSD/Windows 11 Home) 14IAH8 Thin and...,"₹89,099",4.2,63 Reviews,Intel Core i5 Processor (12th Gen),16 GB LPDDR5 RAM,64 bit Windows 11 Operating System,1 TB SSD,35.56 cm (14 Inch) Display,,1Yr Warranty + 1 Yr Premium Care and 1 Yr Accidental Damage Protection
MSI Thin 15 Intel Core i5 13th Gen 13420H - (16 GB/512 GB SSD/Windows 11 Home/6 GB Graphics/NVIDIA GeF...,"₹87,837",4.3,19 Reviews,Intel Core i5 Processor (13th Gen),16 GB DDR4 RAM,64 bit Windows 11 Operating System,512 GB SSD,39.62 cm (15.6 Inch) Display,,2 Year On-Site Warranty
Lenovo LOQ Intel Core i7 13th Gen 13620H - (16 GB/512 GB SSD/Windows 11 Home/6 GB Graphics/NVIDIA GeFo...,"₹1,29,990",4.2,31 Reviews,Intel Core i7 Processor (13th Gen),16 GB DDR5 RAM,Windows 11 Operating System,512 GB SSD,39.62 cm (15.6 Inch) Display,Microsoft Office Home & Student 2021,1Yr Warranty and 1 Yr Accidental Damage Protection
HP 245 G9 Silver AMD Ryzen 5 Hexa Core 5625U - (8 GB/512 GB SSD/Windows 11 Home) 245 G9 Laptop,"₹55,353",3.7,10 Reviews,AMD Ryzen 5 Hexa Core Processor,8 GB DDR4 RAM,64 bit Windows 11 Operating System,512 GB SSD,35.81 cm (14.1 Inch) Display,,1 year onsite warranty
HP Victus AMD Ryzen 5 Hexa Core 5600H - (16 GB/512 GB SSD/Windows 11 Home/4 GB Graphics/AMD Radeon RX ...,"₹83,508",4.2,15 Reviews,AMD Ryzen 5 Hexa Core Processor,16 GB DDR4 RAM,Windows 11 Operating System,512 GB SSD,39.62 cm (15.6 Inch) Display,,1 Year Onsite Warranty
HP 240R G10 (2026) Professional (i3 14th Gen) Intel Core 3 14th Gen 100U - (16 GB/512 GB SSD/Windows 1...,"₹58,990",3.6,1 Reviews,Intel Core 3 Processor (14th Gen),16 GB DDR4 RAM,64 bit Windows 11 Home Operating System,512 GB SSD,35.56 cm (14 Inch) Display,"Microsoft Office 2021, Windows 11 Home",
Acer Nitro 5 Intel Core i5 7th Gen 7300HQ - (8 GB/1 TB HDD/Windows 10 Home/2 GB Graphics/NVIDIA GeForc...,"₹60,407",4.4,181 Reviews,Intel Core i5 Processor (7th Gen),8 GB DDR4 RAM,64 bit Windows 10 Operating System,1 TB HDD,39.62 cm (15.6 Inch) Display,,1 Year International Travelers Warranty (ITW)
HP 15 (2025) AMD Athlon Dual Core 7120U - (8 GB/256 GB SSD/Windows 11 Pro) 15 Thin and Light Laptop,"₹46,990",3.3,2 Reviews,AMD Athlon Dual Core Processor,8 GB DDR4 RAM,64 bit Windows 11 Operating System,256 GB SSD,39.62 cm (15.6 Inch) Display,"Microsoft Office 2021, Windows 11 Pro",1 Year Onsite Warranty
HP Intel Core i5 12th Gen 1235U - (8 GB/1 TB SSD/Windows 11 Home) 15s-fq5331TU Thin and Light Laptop,"₹69,990",4.1,2 Reviews,Intel Core i5 Processor (12th Gen),8 GB DDR4 RAM,Windows 11 Operating System,1 TB SSD,39.62 cm (15.6 Inch) Display,,1 Year Onsite warranty
Lenovo LOQ AMD Ryzen 5 Quad Core 7235HS - (12 GB/512 GB SSD/Windows 11 Home/6 GB Graphics/NVIDIA GeFor...,"₹92,990",4.4,85 Reviews,AMD Ryzen 5 Quad Core Processor,12 GB DDR5 RAM,64 bit Windows 11 Operating System,512 GB SSD,39.62 cm (15.6 Inch) Display,,1 Year Onsite Warranty
HP 15 with MSO'2024 AMD Ryzen 3 Quad Core 7320U - (8 GB/512 GB SSD/Windows 11 Home) 15-fc0025AU | 15-f...,"₹50,990",4,22 Reviews,AMD Ryzen 3 Quad Core Processor,8 GB DDR4 RAM,64 bit Windows 11 Operating System,512 GB SSD,39.62 cm (15.6 Inch) Display,,1 Year Onsite Warranty
Acer Aspire 3 Intel Celeron Dual Core - (8 GB/256 GB SSD/Windows 11 Home) A311-45 Thin and Light Lapto...,"₹35,999",3.8,992 Reviews,Intel Celeron Dual Core Processor,8 GB DDR4 RAM,64 bit Windows 11 Home Operating System,256 GB SSD,29.46 cm (11.6 Inch) Display,,1 Year Warranty
MICROSOFT Surface Laptop 13.8 Inch Snapdragon X2 Plus - (32 GB/512 GB SSD/Windows 11 Home) EP2-59193 L...,"₹2,53,990",,,Snapdragon X2 Plus Processor,32 GB LPDDR5X RAM,64 bit Windows 11 Operating System,512 GB SSD,35.05 cm (13.8 inch) Touchscreen Display,,
HP HP Laptop Intel Core i3 13th Gen 1315U - (8 GB/512 GB SSD/Windows 11 Home) 15-fd0186TU Thin and Lig...,"₹53,990",4.2,40 Reviews,Intel Core i3 Processor (13th Gen),8 GB DDR4 RAM,64 bit Windows 11 Operating System,512 GB SSD,39.62 cm (15.6 Inch) Display,,1 Year Onsite Warranty
HP Victus AMD Ryzen 5 Hexa Core 5600H - (8 GB/512 GB SSD/Windows 11 Home/4 GB Graphics/NVIDIA GeForce ...,"₹77,990",4.2,41 Reviews,AMD Ryzen 5 Hexa Core Processor,8 GB DDR4 RAM,64 bit Windows 11 Operating System,512 GB SSD,39.62 cm (15.6 Inch) Display,"Microsoft Office Home & Student 2021, HP Documentation, HP e-service, HP BIOS recovery, HP SSRM, HP Smart, HP Jumpstarts",1 Year Onsite Warranty
DELL Inspiron 14 Microsoft Office Home 2024 Intel Core i5 13th Gen 1334U - (16 GB/512 GB SSD/Windows 1...,"₹85,574",4.1,4 Reviews,Intel Core i5 Processor (13th Gen),16 GB DDR5 RAM,Windows 11 Operating System,512 GB SSD,35.56 cm (14 Inch) Touchscreen Display,Microsoft Office Home 2024 | Dell Support Assist,
"ASUS Vivobook S16 (2025) with Office 2024 + M365 Basic*, Metal Body*, Intel Core Ultra 5 225H - (16 GB...","₹98,658",4.4,3 Reviews,Intel Core Ultra 5 Processor,16 GB DDR5 RAM,Windows 11 Home Operating System,512 GB SSD,40.64 cm (16 Inch) Display,"Microsoft Office Home 2024 (Lifetime Validity ) + Microsoft 365 Basic*(1-Year Validity), One-Month Membership of Adobe Creative Cloud All Apps, McAfee 1 year",1 Year Onsite Warranty
Acer Aspire 3 (2025) Intel Core i3 13th Gen 1305U - (8 GB/512 GB SSD/Windows 11 Home) A325-53 Thin and...,"₹47,990",3.8,0 Reviews,Intel Core i3 Processor (13th Gen),8 GB DDR4 RAM,Windows 11 Operating System,512 GB SSD,39.62 cm (15.6 Inch) Display,,1 Year Onsite Warranty
Lenovo IdeaPad Slim 3 AMD Ryzen 5 Quad Core 7520U - (16 GB/512 GB SSD/Windows 11 Home) IdeaPad Slim 3 ...,"₹62,800",,,AMD Ryzen 5 Quad Core Processor,16 GB LPDDR5 RAM,Windows 11 Home Operating System,512 GB SSD,39.62 cm (15.6 inch) Display,"Microsoft 365 Basic, Office Home 2024",
Samsung Galaxy Book3 Pro 360 EVO AMOLED Intel Core i5 13th Gen 1340P - (16 GB/512 GB SSD/Windows 11 Ho...,"₹1,72,214",4.1,0 Reviews,Intel Core i5 Processor (13th Gen),16 GB DDR5 RAM,Windows 11 Operating System,512 GB SSD,40.64 cm (16 Inch) Touchscreen Display,,1 Year Onsite Warranty
DELL Inspiron 5370 Intel Core i7 8th Gen 8550U - (8 GB/256 GB SSD/Windows 11 Home/4 GB Graphics/AMD Ra...,"₹93,451",4.1,20 Reviews,Intel Core i7 Processor (8th Gen),8 GB DDR4 RAM,64 bit Windows 11 Home Operating System,256 GB SSD,33.78 cm (13.3 Inch) Display,Microsoft Office Home and Student 2019,"1 Year Limited Hardware Warranty, In Home Service After Remote Diagnosis - Retail"
Acer Aspire 7 Intel Core i5 12th Gen 12450H - (8 GB/512 GB SSD/Windows 11 Home/4 GB Graphics/NVIDIA Ge...,"₹79,992",4.2,318 Reviews,Intel Core i5 Processor (12th Gen),8 GB DDR4 RAM,Windows 11 Operating System,512 GB SSD,39.62 cm (15.6 Inch) Display,,1 Year Onsite Warranty
ASUS Vivobook 15 Intel Core i5 13th Gen 1335U - (16 GB/512 GB SSD/Windows 11 Home) X1504VA-NJ540WS Thi...,"₹65,990",3.6,0 Reviews,Intel Core i5 Processor (13th Gen),16 GB DDR4 RAM,Windows 11 Operating System,512 GB SSD,39.62 cm (15.6 Inch) Display,,1 Year Onsite Warranty
Samsung Galaxy Book4 Metal Intel Core i3 13th Gen 1315U - (8 GB/512 GB SSD/Windows 11 Home) NP750XGJ-L...,"₹49,990",4.4,"1,276 Reviews",Intel Core i3 Processor (13th Gen),8 GB LPDDR4X RAM,64 bit Windows 11 Operating System,512 GB SSD,39.62 cm (15.6 Inch) Display,,1 Year Onsite Warranty
Apple Macbook Neo A18 Pro(2026) A18 Pro - (8 GB/512 GB SSD/Tahoe) MHFC4HN/A,"₹82,990",4.7,82 Reviews,Apple A18 Pro Processor,8 GB Unified Memory RAM,Mac OS Operating System,512 GB SSD,33.02 cm (13 inch) Display,,1 Year Limited Warranty
HP Intel Core i5 13th Gen 1335U - (16 GB/512 GB SSD/Windows 11 Home) 15-hr0001TU Thin and Light Laptop,"₹68,338",4.2,6 Reviews,Intel Core i5 Processor (13th Gen),16 GB DDR4 RAM,Windows 11 Operating System,512 GB SSD,39.62 cm (15.6 Inch) Display,,1 Year Onsite Warranty
"ASUS Vivobook S14 OLED (2026) AI PC with Office 2024 + M365 Basic*, Copilot+ PC Intel Core Ultra 5 Ser...","₹1,19,990",4.5,25 Reviews,Intel Core Ultra 5 Processor (Series 3),16 GB DDR5 RAM,Windows 11 Home Operating System,512 GB SSD,35.56 cm (14 inch) Display,"MSO 2024 for lifetime + Microsoft 365 Basic with 100GB Cloud Storage for 1 Year, McAfee 1 year",
Acer Intel Celeron Dual Core N4500 - (12 GB/512 GB SSD/Windows 11 Home) A325-45 Notebook,"₹41,990",3.7,1 Reviews,Intel Celeron Dual Core Processor,12 GB LPDDR4X RAM,64 bit Windows 11 Home Operating System,512 GB SSD,39.62 cm (15.6 Inch) Display,,1 Year Limited Warranty
Lenovo Yoga Slim 7 WUXGA OLED AI PC with 1Yr ADP Intel Core Ultra 7 155H - (32 GB/1 TB SSD/Windows 11 ...,"₹1,49,999",4.3,5 Reviews,Intel Core Ultra 7 Processor,32 GB LPDDR5X RAM,Windows 11 Operating System,1 TB SSD,35.56 cm (14 Inch) Display,,1Yr Warranty + 1 Yr Premium Care and 1 Yr Accidental Damage Protection
Apple Macbook Neo A18 Pro(2026) A18 Pro - (8 GB/256 GB SSD/Tahoe) MHFA4HN/A,"₹72,990",4.7,82 Reviews,Apple A18 Pro Processor,8 GB Unified Memory RAM,Mac OS Operating System,256 GB SSD,33.02 cm (13 inch) Display,,1 Year Limited Warranty
"ASUS Vivobook 14 (2025) with Office 2024 + M365 Basic*, Backlit Keyboard, Snapdragon X - (16 GB/512 GB...","₹58,990",4.4,78 Reviews,Snapdragon X Processor,16 GB LPDDR5X RAM,Windows 11 Home Operating System,512 GB SSD,35.56 cm (14 Inch) Display,"Microsoft Office Home 2024 (Lifetime Validity ) + Microsoft 365 Basic*(1-Year Validity), One-Month Membership of Adobe Creative Cloud All Apps",1 Year Onsite Warranty
"ASUS TUF Gaming F15, 90WHrs Battery Intel Core i7 13th Gen 13620H - (16 GB/512 GB SSD/Windows 11 Home/...","₹1,32,900",4.4,11 Reviews,Intel Core i7 Processor (13th Gen),16 GB DDR5 RAM,Windows 11 Operating System,512 GB SSD,39.62 cm (15.6 Inch) Display,,1 Year Onsite warranty
HP AMD Ryzen 3 Quad Core - (8 GB/512 GB SSD/Windows 11 Home) 15-fc0025AU Thin and Light Laptop,"₹52,163",,,AMD Ryzen 3 Quad Core Processor,8 GB DDR4 RAM,Windows 11 Home Operating System,512 GB SSD,39.62 cm (15.6 Inch) Display,,
MOTOROLA Motobook 60 Pro Full Metal AI PC WUXGA OLED Intel Core Ultra 5 225H - (16 GB/512 GB SSD/Windo...,"₹72,990",4.5,113 Reviews,Intel Core Ultra 5 Processor,16 GB DDR5 RAM,64 bit Windows 11 Operating System,512 GB SSD,35.56 cm (14 inch) Display,,
Lenovo IdeaPad Slim 3 with 1Yr ADP Snapdragon X - (16 GB/1 TB SSD/Windows 11 Home) 15Q8X10 Thin and Li...,"₹66,990",4.2,5 Reviews,Snapdragon X Processor,16 GB LPDDR5X RAM,Windows 11 Home Operating System,1 TB SSD,38.86 cm (15.3 inch) Display,,
Acer Spin 7 Intel Core i7 7th Gen 7Y75 - (8 GB/256 GB SSD/Windows 10 Home) SP714-51 Laptop,"₹1,24,900",4,1 Reviews,Intel Core i7 Processor (7th Gen),8 GB DDR3 RAM,64 bit Windows 10 Operating System,256 GB SSD,35.56 cm (14 Inch) Touchscreen Display,,1 Year International Travelers Warranty (ITW)
ASUS Vivobook Go 14 AMD Ryzen 5 Quad Core 7520U - (8 GB/512 GB SSD/Windows 11 Home) E1404FA-NK521WS | ...,"₹59,869",4.5,3 Reviews,AMD Ryzen 5 Quad Core Processor,8 GB LPDDR5 RAM,Windows 11 Operating System,512 GB SSD,35.56 cm (14 Inch) Display,,1 Year Onsite Warranty
DELL 16 Area 51 Intel Core Ultra 9 275HX - (64 GB/2 TB SSD/Windows 11 Home/24 GB Graphics/NVIDIA GeFor...,"₹5,25,990",,,Intel Core Ultra 9 Processor,64 GB DDR5 RAM,Windows 11 Operating System,2 TB SSD,40.64 cm (16 Inch) Display,,1 Year Onsite Warranty
Lenovo Workstation P15v Intel Core i7 12th Gen 12800H - (16 GB/1 TB SSD/Windows 11 Pro/4 GB Graphics) ...,"₹1,94,304",,,Intel Core i7 Processor (12th Gen),16 GB DDR5 RAM,Windows 11 Operating System,1 TB SSD,39.62 cm (15.6 Inch) Display,,
"ASUS Vivobook 14 (2025) with Office 2024 + M365 Basic*, Backlit Keyboard, Snapdragon X - (16 GB/512 GB...","₹58,990",4.4,78 Reviews,Snapdragon X Processor,16 GB LPDDR5X RAM,Windows 11 Home Operating System,512 GB SSD,35.56 cm (14 Inch) Display,"Microsoft Office Home 2024 (Lifetime Validity ) + Microsoft 365 Basic*(1-Year Validity), One-Month Membership of Adobe Creative Cloud All Apps",1 Year Onsite Warranty
"Apple MacBook Air (M5, 2026) M5 - (16 GB/512 GB SSD/Tahoe) MDHA4HN/A","₹1,40,990",4.7,135 Reviews,Apple M5 Processor,16 GB Unified Memory RAM,Mac OS Operating System,512 GB SSD,34.54 cm (13.6 inch) Display,,1 Year Limited Warranty
ASUS ExpertBook P1 Intel Core i5 13th Gen 13420H - (16 GB/512 GB SSD/Windows 11 Home) P1503CVA-S70611W...,"₹80,770",4.3,467 Reviews,Intel Core i5 Processor (13th Gen),16 GB DDR5 RAM,64 bit Windows 11 Home Operating System,512 GB SSD,39.62 cm (15.6 Inch) Display,"Included Software- Microsoft Office Home 2024(includes Word, Excel, PowerPoint, and OneNote) (Lifetime Validity ) + Microsoft 365 Basic*(1-Year Validity), McAfee+TM Premium (1 year Validity)",1 Year Onsite Warranty
ASUS Vivobook 15 Intel Core i5 12th Gen 1235U - (16 GB/512 GB SSD/Windows 11 Home) X1502ZA-EJ545WS Thi...,"₹51,990",4.2,514 Reviews,Intel Core i5 Processor (12th Gen),16 GB DDR4 RAM,64 bit Windows 11 Operating System,512 GB SSD,39.62 cm (15.6 Inch) Display,,1 Year Onsite Warranty
Apple Macbook Neo A18 Pro(2026) A18 Pro - (8 GB/512 GB SSD/Tahoe) MHFE4HN/A,"₹82,990",4.7,82 Reviews,Apple A18 Pro Processor,8 GB Unified Memory RAM,Mac OS Operating System,512 GB SSD,33.02 cm (13 inch) Display,,1 Year Limited Warranty
Apple Macbook Neo A18 Pro(2026) A18 Pro - (8 GB/256 GB SSD/Tahoe) MHFH4HN/A,"₹72,990",4.7,82 Reviews,Apple A18 Pro Processor,8 GB Unified Memory RAM,Mac OS Operating System,256 GB SSD,33.02 cm (13 inch) Display,,1 Year Limited Warranty
Lenovo IdeaPad Slim 3 Intel Core i5 11th Gen 1155G7 - (8 GB/512 GB SSD/Windows 11 Home) 15ITL6 Thin an...,"₹50,134",4.2,430 Reviews,Intel Core i5 Processor (11th Gen),8 GB DDR4 RAM,64 bit Windows 11 Operating System,512 GB SSD,39.62 cm (15.6 Inch) Display,,2 Yr Warranty
ASUS ROG Strix SCAR 18 (2026) Intel Core Ultra 9 290HX Plus - (64 GB/2 TB SSD/Windows 11 Home/24 GB Gr...,"₹6,99,990",,,Intel Core Ultra 9 Processor,64 GB DDR5 RAM,Windows 11 Home Operating System,2 TB SSD,45.72 cm (18 inch) Display,"Microsoft Office Home 2024 (Lifetime Validity ) + Microsoft 365 Basic with 100GB Cloud Storage for 1 Year, McAfee 1 year, Xbox Game Pass for 2 months",
HP 14R (2025) Intel Core i3 13th Gen 1315U - (16 GB/512 GB SSD/Windows 11 Home) 14R G9 Thin and Light ...,"₹58,990",4.2,10 Reviews,Intel Core i3 Processor (13th Gen),16 GB DDR4 RAM,64 bit Windows 11 Home Operating System,512 GB SSD,35.56 cm (14 Inch) Display,"Microsoft Office 2021, Windows 11 Home",1 Year Onsite Warranty
Lenovo IdeaPad 3 Intel Core i3 12th Gen 1215U - (8 GB/512 GB SSD/Windows 11 Home) 14IAU7 Thin and Ligh...,"₹55,190",4.2,22 Reviews,Intel Core i3 Processor (12th Gen),8 GB DDR4 RAM,64 bit Windows 11 Operating System,512 GB SSD,35.56 cm (14 Inch) Display,,
Samsung Galaxy Book4 Metal Intel Core i3 13th Gen 1315U - (8 GB/512 GB SSD/Windows 11 Home) NP750XGJ-L...,"₹49,990",4.4,"1,276 Reviews",Intel Core i3 Processor (13th Gen),8 GB LPDDR4X RAM,64 bit Windows 11 Operating System,512 GB SSD,39.62 cm (15.6 Inch) Display,,1 Year Onsite Warranty
Apple Macbook Neo A18 Pro(2026) A18 Pro - (8 GB/512 GB SSD/Tahoe) MHFC4HN/A,"₹82,990",4.7,82 Reviews,Apple A18 Pro Processor,8 GB Unified Memory RAM,Mac OS Operating System,512 GB SSD,33.02 cm (13 inch) Display,,1 Year Limited Warranty
HP 15s Intel Core i5 12th Gen 1235U - (8 GB/512 GB SSD/Windows 11 Home) 15s-fq5111TU Thin and Light La...,"₹65,999",4.2,156 Reviews,Intel Core i5 Processor (12th Gen),8 GB DDR4 RAM,64 bit Windows 11 Operating System,512 GB SSD,39.62 cm (15.6 Inch) Display,,1 Year Onsite Warranty
Acer Swift Go 14 Powered EVO AI PC Intel Core Ultra 5 125H - (16 GB/512 GB SSD/Windows 11 Home) SFG14-...,"₹88,999",4.2,19 Reviews,Intel Core Ultra 5 Processor,16 GB LPDDR5X RAM,Windows 11 Operating System,512 GB SSD,35.56 cm (14 Inch) Touchscreen Display,,1 Year International Travelers Warranty (ITW)
Apple Macbook Neo A18 Pro(2026) A18 Pro - (8 GB/256 GB SSD/Tahoe) MHFA4HN/A,"₹72,990",4.7,82 Reviews,Apple A18 Pro Processor,8 GB Unified Memory RAM,Mac OS Operating System,256 GB SSD,33.02 cm (13 inch) Display,,1 Year Limited Warranty
"ASUS Vivobook 14 (2025) with Office 2024 + M365 Basic*, Backlit Keyboard, Snapdragon X - (16 GB/512 GB...","₹58,990",4.4,78 Reviews,Snapdragon X Processor,16 GB LPDDR5X RAM,Windows 11 Home Operating System,512 GB SSD,35.56 cm (14 Inch) Display,"Microsoft Office Home 2024 (Lifetime Validity ) + Microsoft 365 Basic*(1-Year Validity), One-Month Membership of Adobe Creative Cloud All Apps",1 Year Onsite Warranty
HP 15s AMD Ryzen 5 Quad Core 7520U - (16 GB/512 GB SSD/Windows 11 Home) 15-fc0030AU | 15-fc0690AU Thin...,"₹69,000",4.4,1 Reviews,AMD Ryzen 5 Quad Core Processor,16 GB LPDDR5 RAM,64 bit Windows 11 Operating System,512 GB SSD,39.62 cm (15.6 Inch) Display,,1 Year Onsite Warranty
Acer Swift Neo Office 2024 + M365 Basic Intel Core Ultra 5 115U - (16 GB/1 TB SSD/Windows 11 Home) SFN...,"₹89,990",4.1,77 Reviews,Intel Core Ultra 5 Processor,16 GB LPDDR5 RAM,64 bit Windows 11 Home Operating System,1 TB SSD,35.56 cm (14 Inch) Display,,1 Year Warranty
ASUS Intel Core i5 12th Gen 12500H - (16 GB/512 GB SSD/Windows 11 Home) X1605ZAC-MB540WS Thin and Ligh...,"₹75,599",3.8,1 Reviews,Intel Core i5 Processor (12th Gen),16 GB DDR4 RAM,Windows 11 Operating System,512 GB SSD,40.64 cm (16 Inch) Display,,1 Year Onsite Warranty
Lenovo IdeaPad Slim 3 with 1Yr ADP Intel Core i5 12th Gen 12450H - (16 GB/512 GB SSD/Windows 11 Home) ...,"₹70,990",4.2,81 Reviews,Intel Core i5 Processor (12th Gen),16 GB DDR4 RAM,Windows 11 Home Operating System,512 GB SSD,39.62 cm (15.6 Inch) Display,,1 Year Warranty
MOTOROLA Motobook 60 Pro Full Metal AI PC WUXGA OLED Intel Core Ultra 5 225H - (16 GB/512 GB SSD/Windo...,"₹72,990",4.5,113 Reviews,Intel Core Ultra 5 Processor,16 GB DDR5 RAM,64 bit Windows 11 Operating System,512 GB SSD,35.56 cm (14 inch) Display,,
"ASUS Vivobook 14 (2025) with Office 2024 + M365 Basic*, Backlit Keyboard, Snapdragon X - (16 GB/512 GB...","₹58,990",4.4,78 Reviews,Snapdragon X Processor,16 GB LPDDR5X RAM,Windows 11 Home Operating System,512 GB SSD,35.56 cm (14 Inch) Display,"Microsoft Office Home 2024 (Lifetime Validity ) + Microsoft 365 Basic*(1-Year Validity), One-Month Membership of Adobe Creative Cloud All Apps",1 Year Onsite Warranty
HP Pavilion Gaming AMD Ryzen 7 Octa Core 4800H - (16 GB/1 TB HDD/256 GB SSD/Windows 10 Home/4 GB Graph...,"₹93,565",4.4,153 Reviews,AMD Ryzen 7 Octa Core Processor,16 GB DDR4 RAM,64 bit Windows 10 Operating System,1 TB HDD|256 GB SSD,39.62 cm (15.6 Inch) Display,"Microsoft Office 2019 Home and Student, HP Documentation, HP e-service, HP BIOS Recovery, HP SSRM, HP Smart, HP Jumpstarts, Dropbox, HP Audio Switch, HP Audio Boost",1 Year Onsite Warranty
Thomson NEO Core Series Intel Core i3 12th Gen 1215U - (8 GB/512 GB SSD/Windows 11 Home) IN-N15I Thin ...,"₹44,990",3.7,39 Reviews,Intel Core i3 Processor (12th Gen),8 GB LPDDR4 RAM,Windows 11 Operating System,512 GB SSD,39.62 cm (15.6 Inch) Display,,1 Year Onsite warranty
"Apple MacBook Air (M5, 2026) M5 - (16 GB/512 GB SSD/Tahoe) MDHA4HN/A","₹1,40,990",4.7,135 Reviews,Apple M5 Processor,16 GB Unified Memory RAM,Mac OS Operating System,512 GB SSD,34.54 cm (13.6 inch) Display,,1 Year Limited Warranty
Apple Macbook Neo A18 Pro(2026) A18 Pro - (8 GB/512 GB SSD/Tahoe) MHFE4HN/A,"₹82,990",4.7,82 Reviews,Apple A18 Pro Processor,8 GB Unified Memory RAM,Mac OS Operating System,512 GB SSD,33.02 cm (13 inch) Display,,1 Year Limited Warranty
HP Pavilion AI PC Intel Core Ultra 5 125U - (16 GB/512 GB SSD/Windows 11 Home) 16-af0015TU Thin and Li...,"₹89,990",4.3,26 Reviews,Intel Core Ultra 5 Processor,16 GB LPDDR5 RAM,Windows 11 Operating System,512 GB SSD,40.64 cm (16 Inch) Display,,1 Year Carry-in Warranty
Acer Swift 3 Intel Core i5 8th Gen 8265U - (8 GB/512 GB SSD/Windows 10 Home/2 GB Graphics) SF314-55G T...,"₹62,589",4.5,"1,202 Reviews",Intel Core i5 Processor (8th Gen),8 GB DDR4 RAM,64 bit Windows 10 Operating System,512 GB SSD,35.56 cm (14 Inch) Display,,1 Year International Travelers Warranty (ITW)
MOTOROLA Motobook 60 Full Metal OLED AI PC Intel Core Ultra 5 225H - (16 GB/1 TB SSD/Windows 11 Home) ...,"₹67,990",4.4,115 Reviews,Intel Core Ultra 5 Processor,16 GB DDR5 RAM,64 bit Windows 11 Operating System,1 TB SSD,35.56 cm (14 Inch) Display,,1 Year Warranty
Lenovo IdeaPad Slim 3 AMD Ryzen 3 Quad Core 7320U Office Home 2024 AMD Ryzen 3 Quad Core 7320U - (8 GB...,"₹54,998",4.5,5 Reviews,AMD Ryzen 3 Quad Core Processor,8 GB LPDDR5 RAM,Windows 11 Home Operating System,512 GB SSD,39.62 cm (15.6 Inch) Display,Microsoft Office Home 2024,1 Year Carry-in Warranty
Samsung Galaxy Book4 Metal Intel Core i3 13th Gen 1315U - (8 GB/512 GB SSD/Windows 11 Home) NP750XGJ-L...,"₹49,990",4.4,"1,276 Reviews",Intel Core i3 Processor (13th Gen),8 GB LPDDR4X RAM,64 bit Windows 11 Operating System,512 GB SSD,39.62 cm (15.6 Inch) Display,,1 Year Onsite Warranty
Apple Macbook Neo A18 Pro(2026) A18 Pro - (8 GB/512 GB SSD/Tahoe) MHFC4HN/A,"₹82,990",4.7,82 Reviews,Apple A18 Pro Processor,8 GB Unified Memory RAM,Mac OS Operating System,512 GB SSD,33.02 cm (13 inch) Display,,1 Year Limited Warranty
"ASUS Vivobook 15 (2025) with Office 2024 + M365 Basic*, AMD Ryzen 7 Octa Core 7730U - (16 GB/512 GB SS...",,4,7 Reviews,AMD Ryzen 7 Octa Core Processor,16 GB DDR4 RAM,Windows 11 Home Operating System,512 GB SSD,39.62 cm (15.6 Inch) Display,"Microsoft Office Home 2024 (Lifetime Validity ) + Microsoft 365 Basic*(1-Year Validity), One-Month Membership of Adobe Creative Cloud All Apps, McAfee 1 year",1 Year Onsite Warranty
ASUS ExpertBook B15 Intel Core i3 12th Gen 1215U - (8 GB/512 GB SSD/Windows 11 Home) B1502CBA-NJ1090WS...,"₹48,991",,,Intel Core i3 Processor (12th Gen),8 GB DDR4 RAM,Windows 11 Operating System,512 GB SSD,39.62 cm (15.6 inch) Display,,1 Year Onsite Warranty
Apple Macbook Neo A18 Pro(2026) A18 Pro - (8 GB/256 GB SSD/Tahoe) MHFA4HN/A,"₹72,990",4.7,82 Reviews,Apple A18 Pro Processor,8 GB Unified Memory RAM,Mac OS Operating System,256 GB SSD,33.02 cm (13 inch) Display,,1 Year Limited Warranty
"ASUS Vivobook 14 (2025) with Office 2024 + M365 Basic*, Backlit Keyboard, Snapdragon X - (16 GB/512 GB...","₹58,990",4.4,78 Reviews,Snapdragon X Processor,16 GB LPDDR5X RAM,Windows 11 Home Operating System,512 GB SSD,35.56 cm (14 Inch) Display,"Microsoft Office Home 2024 (Lifetime Validity ) + Microsoft 365 Basic*(1-Year Validity), One-Month Membership of Adobe Creative Cloud All Apps",1 Year Onsite Warranty
MSI Summit E13 Evo AI PC Intel Core Ultra 7 1st Gen 155H - (32 GB/1 TB SSD/Windows 11 Home) Summit E13...,"₹1,19,000",5,1 Reviews,Intel Core Ultra 7 Processor (1st Gen),32 GB LPDDR5 RAM,Windows 11 Operating System,1 TB SSD,33.78 cm (13.3 Inch) Touchscreen Display,,2 Year Warranty Term
MSI Thin A15 AMD Ryzen 7 Octa Core 7735HS - (16 GB/1 TB SSD/Windows 11 Home/4 GB Graphics/NVIDIA GeFor...,"₹84,990",4.3,11 Reviews,AMD Ryzen 7 Octa Core Processor,16 GB DDR5 RAM,64 bit Windows 11 Operating System,1 TB SSD,39.62 cm (15.6 Inch) Display,,2 Year On-Site Warranty
Acer Swift 3 Intel Core i5 8th Gen 8265U - (8 GB/512 GB SSD/Windows 10 Home/2 GB Graphics) SF314-55G T...,"₹62,589",4.5,"1,202 Reviews",Intel Core i5 Processor (8th Gen),8 GB DDR4 RAM,64 bit Windows 10 Operating System,512 GB SSD,35.56 cm (14 Inch) Display,,1 Year International Travelers Warranty (ITW)
HP Pavilion Intel Core i7 13th Gen 1360P - (16 GB/1 TB SSD/Windows 11 Home) 15-eg3036TU Thin and Light...,"₹1,10,990",4.3,26 Reviews,Intel Core i7 Processor (13th Gen),16 GB DDR4 RAM,64 bit Windows 11 Operating System,1 TB SSD,39.62 cm (15.6 Inch) Display,,1 Year Onsite Warranty
MOTOROLA Motobook 60 Pro Full Metal AI PC WUXGA OLED Intel Core Ultra 5 225H - (16 GB/512 GB SSD/Windo...,"₹72,990",4.5,113 Reviews,Intel Core Ultra 5 Processor,16 GB DDR5 RAM,64 bit Windows 11 Operating System,512 GB SSD,35.56 cm (14 inch) Display,,
Lenovo IdeaPad Slim 3 with 1Yr ADP Snapdragon X - (16 GB/1 TB SSD/Windows 11 Home) 15Q8X10 Thin and Li...,"₹66,990",4.2,5 Reviews,Snapdragon X Processor,16 GB LPDDR5X RAM,Windows 11 Home Operating System,1 TB SSD,38.86 cm (15.3 inch) Display,,
Infinix X1 Slim Series Intel Core i5 10th Gen 1035G1 - (16 GB/512 GB SSD/Windows 11 Home) XL21 Thin an...,"₹64,999",4,129 Reviews,Intel Core i5 Processor (10th Gen),16 GB LPDDR4X RAM,64 bit Windows 11 Operating System,512 GB SSD,35.56 cm (14 Inch) Display,,1 Year Onsite Warranty
MSI Modern 14 Intel Core i5 11th Gen 1155G7 - (8 GB/512 GB SSD/Windows 10 Home) Modern 14 B11MOU-637IN...,"₹67,990",4.2,30 Reviews,Intel Core i5 Processor (11th Gen),8 GB DDR4 RAM,64 bit Windows 10 Operating System,"PCI-e SSD (NVMe) ready,Cooler Boost,Hi-Res Audio,Nahimic 3,Thin Bezel,Military-Grade Durability",35.56 cm (14 Inch) Display,,1 Year Warranty Term
"ASUS Vivobook 14 (2025) with Office 2024 + M365 Basic*, Backlit Keyboard, Snapdragon X - (16 GB/512 GB...","₹58,990",4.4,78 Reviews,Snapdragon X Processor,16 GB LPDDR5X RAM,Windows 11 Home Operating System,512 GB SSD,35.56 cm (14 Inch) Display,"Microsoft Office Home 2024 (Lifetime Validity ) + Microsoft 365 Basic*(1-Year Validity), One-Month Membership of Adobe Creative Cloud All Apps",1 Year Onsite Warranty
"Apple MacBook Air (M5, 2026) M5 - (16 GB/512 GB SSD/Tahoe) MDHA4HN/A","₹1,40,990",4.7,135 Reviews,Apple M5 Processor,16 GB Unified Memory RAM,Mac OS Operating System,512 GB SSD,34.54 cm (13.6 inch) Display,,1 Year Limited Warranty
Lenovo IdeaPad Slim 3 AMD Ryzen 3 Quad Core 7320U - (8 GB/512 GB SSD/Windows 11 Home) 15AMN8 Thin and ...,"₹53,708",4.3,1 Reviews,AMD Ryzen 3 Quad Core Processor,8 GB LPDDR5 RAM,Windows 11 Operating System,512 GB SSD,39.62 cm (15.6 Inch) Display,Microsoft Office Home & Student 2021,
ASUS ROG Flow Z13 (2025) with Office 2024 + M365 Basic* AMD Ryzen AI Max - (32 GB/1 TB SSD/Windows 11 ...,"₹1,99,990",5,1 Reviews,AMD Ryzen AI Max Processor,32 GB LPDDR5X RAM,Windows 11 Home Operating System,1 TB SSD,34.04 cm (13.4 Inch) Touchscreen Display,"Microsoft Office Home 2024 (Lifetime Validity) + Microsoft 365 Basic*(1 Year Validity), McAfee 1 Year",1 Year Onsite Warranty
HP Intel Core N 12th Gen - (8 GB/512 GB SSD/Windows 11 Home) 14-ep0068TU Laptop,"₹54,990",,,Intel Core N Processor (12th Gen),8 GB DDR4 RAM,Windows 11 Home Operating System,512 GB SSD,35.56 cm (14 Inch) Display,,1 Year Manufacturer Warranty
DELL Dell Inspiron 3525 AMD Ryzen 5 5500U - (8 GB/512 GB SSD/Windows 11 Home) D560838WIN9B Thin and Li...,"₹53,740",3.2,2 Reviews,AMD Ryzen 5 Processor,8 GB DDR4 RAM,Windows 11 Operating System,512 GB SSD,39.62 cm (15.6 Inch) Display,,1 Year warranty
Apple Macbook Neo A18 Pro(2026) A18 Pro - (8 GB/512 GB SSD/Tahoe) MHFE4HN/A,"₹82,990",4.7,82 Reviews,Apple A18 Pro Processor,8 GB Unified Memory RAM,Mac OS Operating System,512 GB SSD,33.02 cm (13 inch) Display,,1 Year Limited Warranty
Apple Macbook Neo A18 Pro(2026) A18 Pro - (8 GB/256 GB SSD/Tahoe) MHFH4HN/A,"₹72,990",4.7,82 Reviews,Apple A18 Pro Processor,8 GB Unified Memory RAM,Mac OS Operating System,256 GB SSD,33.02 cm (13 inch) Display,,1 Year Limited Warranty
HP Chromebook Intel Celeron Dual Core N4020 - (4 GB/64 GB SSD/Chrome OS) 14a-ca0505TU Chromebook,"₹29,850",,,Intel Celeron Dual Core Processor,4 GB LPDDR4 RAM,64 bit Chrome Operating System,64 GB SSD,35.56 cm (14 Inch) Touchscreen Display,,1 Year onsite warranty
Acer Swift Go 14 OLED AI PC Intel Core Ultra 5 125H - (16 GB/512 GB SSD/Windows 11 Home) SFG14-73-53CL...,"₹89,910",3.9,14 Reviews,Intel Core Ultra 5 Processor,16 GB LPDDR5X RAM,Windows 11 Operating System,512 GB SSD,35.56 cm (14 Inch) Display,,1 Year Carry-in Warranty
Samsung Galaxy Book4 Metal Intel Core i3 13th Gen 1315U - (8 GB/512 GB SSD/Windows 11 Home) NP750XGJ-L...,"₹49,990",4.4,"1,276 Reviews",Intel Core i3 Processor (13th Gen),8 GB LPDDR4X RAM,64 bit Windows 11 Operating System,512 GB SSD,39.62 cm (15.6 Inch) Display,,1 Year Onsite Warranty
Apple Macbook Neo A18 Pro(2026) A18 Pro - (8 GB/512 GB SSD/Tahoe) MHFC4HN/A,"₹82,990",4.7,82 Reviews,Apple A18 Pro Processor,8 GB Unified Memory RAM,Mac OS Operating System,512 GB SSD,33.02 cm (13 inch) Display,,1 Year Limited Warranty
Infinix Intel Core i7 10th Gen 1065G7 - (8 GB/512 GB SSD/Windows 11 Home/128 MB Graphics) XL21 Thin an...,"₹64,990",,,Intel Core i7 Processor (10th Gen),8 GB LPDDR4X RAM,Windows 11 Operating System,512 GB SSD,35.56 cm (14 Inch) Display,,1 Year Onsite Warranty
Infinix ZEROBOOK 13 Intel Intel Core i7 13th Gen 13700H - (16 GB/512 GB SSD/Windows 11 Home) ZL513 Thi...,"₹99,990",4.2,61 Reviews,Intel Core i7 Processor (13th Gen),16 GB LPDDR5X RAM,Windows 11 Operating System,512 GB SSD,38.86 cm (15.3 Inch) Display,,1 Year Onsite Warranty
HP G9 Intel Core i3 13th Gen 1315U - (16 GB/512 GB SSD/Windows 11 Pro) 250R G9 Business Laptop,"₹59,900",4,42 Reviews,Intel Core i3 Processor (13th Gen),16 GB DDR4 RAM,64 bit Windows 11 Operating System,512 GB SSD,39.62 cm (15.6 Inch) Display,MS OFFICE,
HP AMD Ryzen 5 Quad Core 7520U - (8 GB/512 GB SSD/Windows 11 Home) 15-fc0155AU Thin and Light Laptop,"₹60,643",,,AMD Ryzen 5 Quad Core Processor,8 GB LPDDR5 RAM,64 bit Windows 11 Home Operating System,512 GB SSD,39.62 cm (15.6 Inch) Display,,1 Year Onsite Warranty
Apple Macbook Neo A18 Pro(2026) A18 Pro - (8 GB/256 GB SSD/Tahoe) MHFA4HN/A,"₹72,990",4.7,82 Reviews,Apple A18 Pro Processor,8 GB Unified Memory RAM,Mac OS Operating System,256 GB SSD,33.02 cm (13 inch) Display,,1 Year Limited Warranty
"ASUS Vivobook 14 (2025) with Office 2024 + M365 Basic*, Backlit Keyboard, Snapdragon X - (16 GB/512 GB...","₹58,990",4.4,78 Reviews,Snapdragon X Processor,16 GB LPDDR5X RAM,Windows 11 Home Operating System,512 GB SSD,35.56 cm (14 Inch) Display,"Microsoft Office Home 2024 (Lifetime Validity ) + Microsoft 365 Basic*(1-Year Validity), One-Month Membership of Adobe Creative Cloud All Apps",1 Year Onsite Warranty
DELL 14 Microsoft Office Home 2024 AMD Ryzen AI 7 Octa Core 350 AI - (16 GB/1 TB SSD/Windows 11 Home) ...,"₹1,07,083",4.1,1 Reviews,AMD Ryzen AI 7 Octa Core Processor,16 GB LPDDR5X RAM,Windows 11 Operating System,1 TB SSD,35.56 cm (14 Inch) Display,Microsoft Office Home 2024 | Dell Support Assist,1 Year Onsite Warranty
HP Intel Core i7 13th Gen 1355U - (16 GB/512 GB SSD/Windows 11 Home/4 GB Graphics) 15-fe0011TX Laptop,"₹1,32,727",4.7,1 Reviews,Intel Core i7 Processor (13th Gen),16 GB LPDDR5 RAM,64 bit Windows 11 Operating System,512 GB SSD,39.62 cm (15.6 Inch) Touchscreen Display,,1 Year Onsite Warranty
MOTOROLA Motobook 60 Pro Full Metal AI PC WUXGA OLED Intel Core Ultra 5 225H - (16 GB/512 GB SSD/Windo...,"₹72,990",4.5,113 Reviews,Intel Core Ultra 5 Processor,16 GB DDR5 RAM,64 bit Windows 11 Operating System,512 GB SSD,35.56 cm (14 inch) Display,,
Lenovo IdeaPad Slim 3 with 1Yr ADP Snapdragon X - (16 GB/1 TB SSD/Windows 11 Home) 15Q8X10 Thin and Li...,"₹66,990",4.2,5 Reviews,Snapdragon X Processor,16 GB LPDDR5X RAM,Windows 11 Home Operating System,1 TB SSD,38.86 cm (15.3 inch) Display,,
HP 250R G9 Intel Core i3 13th Gen 1315U - (8 GB/512 GB SSD/Windows 11 Home) 42V68PA Thin and Light Lap...,"₹54,200",4.2,17 Reviews,Intel Core i3 Processor (13th Gen),8 GB DDR4 RAM,64 bit Windows 11 Home Operating System,512 GB SSD,39.62 cm (15.6 Inch) Display,,1 Year Onsite Warranty
HP Pavilion MSO 2021 AMD Ryzen 5 Hexa Core 8540U - (16 GB/512 GB SSD/Windows 11 Home) 16-ag0019AU Thin...,"₹81,345",4.1,18 Reviews,AMD Ryzen 5 Hexa Core Processor,16 GB LPDDR5 RAM,Windows 11 Home Operating System,512 GB SSD,40.64 cm (16 Inch) Display,,1 Year Onsite Warranty
HP OMEN Intel Core i7 11th Gen 11800H - (16 GB/1 TB SSD/Windows 11 Home/8 GB Graphics/NVIDIA GeForce R...,"₹1,95,210",,,Intel Core i7 Processor (11th Gen),16 GB DDR4 RAM,64 bit Windows 10 Operating System,1 TB SSD,40.89 cm (16.1 Inch) Display,Microsoft Office Home & Student 2019,1 Year Onsite Warranty
Lenovo IdeaPad Slim 3 Intel Core i3 13th Gen 1305U - (8 GB/512 GB SSD/Windows 11 Home) 15IRU8 Thin and...,"₹58,556",4.1,11 Reviews,Intel Core i3 Processor (13th Gen),8 GB LPDDR5 RAM,Windows 11 Operating System,512 GB SSD,39.62 cm (15.6 Inch) Display,,
"ASUS Vivobook 14 (2025) with Office 2024 + M365 Basic*, Backlit Keyboard, Snapdragon X - (16 GB/512 GB...","₹58,990",4.4,78 Reviews,Snapdragon X Processor,16 GB LPDDR5X RAM,Windows 11 Home Operating System,512 GB SSD,35.56 cm (14 Inch) Display,"Microsoft Office Home 2024 (Lifetime Validity ) + Microsoft 365 Basic*(1-Year Validity), One-Month Membership of Adobe Creative Cloud All Apps",1 Year Onsite Warranty
"Apple MacBook Air (M5, 2026) M5 - (16 GB/512 GB SSD/Tahoe) MDHA4HN/A","₹1,40,990",4.7,135 Reviews,Apple M5 Processor,16 GB Unified Memory RAM,Mac OS Operating System,512 GB SSD,34.54 cm (13.6 inch) Display,,1 Year Limited Warranty
walker Intel Celeron Dual Core N4020 - (4 GB/128 GB SSD/Windows 11 Home) NU14A1 Thin and Light Laptop,"₹30,000",3.7,214 Reviews,Intel Celeron Dual Core Processor,4 GB LPDDR4 RAM,64 bit Windows 11 Operating System,128 GB SSD,35.81 cm (14.1 Inch) Display,,1 Year Onsite Warranty
"ASUS Vivobook 15 (2025)(i5 14th Gen)with MSO 2024 + M365 Basic, Backlit Keyboard, Intel Core 5 120U - ...","₹75,239",,,Intel Core 5 Processor,16 GB DDR4 RAM,Windows 11 Home Operating System,512 GB SSD,39.62 cm (15.6 inch) Display,"Microsoft Office Home 2024 (Lifetime Validity ) + Microsoft 365 Basic*(1-Year Validity), One-Month Membership of Adobe Creative Cloud All Apps, McAfee 1 year",1 Year Onsite Warranty
Apple Macbook Neo A18 Pro(2026) A18 Pro - (8 GB/512 GB SSD/Tahoe) MHFE4HN/A,"₹82,990",4.7,82 Reviews,Apple A18 Pro Processor,8 GB Unified Memory RAM,Mac OS Operating System,512 GB SSD,33.02 cm (13 inch) Display,,1 Year Limited Warranty
Apple Macbook Neo A18 Pro(2026) A18 Pro - (8 GB/256 GB SSD/Tahoe) MHFH4HN/A,"₹72,990",4.7,82 Reviews,Apple A18 Pro Processor,8 GB Unified Memory RAM,Mac OS Operating System,256 GB SSD,33.02 cm (13 inch) Display,,1 Year Limited Warranty
DELL Inspiron 5440 (i3 14th gen) Intel Core 3 14th Gen 100U - (8 GB/512 GB SSD/Windows 11 Pro) 7FN4J T...,"₹53,697",,,Intel Core 3 Processor (14th Gen),8 GB DDR4 RAM,64 bit DOS Operating System,512 GB SSD,35.56 cm (14 inch) Display,,
Lenovo IdeaPad Slim 3 Intel Core i3 13th Gen 1305U - (8 GB/512 GB SSD/Windows 11 Home) 15IRU8 Thin and...,"₹58,036",4.1,13 Reviews,Intel Core i3 Processor (13th Gen),8 GB LPDDR5 RAM,Windows 11 Operating System,512 GB SSD,39.62 cm (15.6 Inch) Display,Microsoft Office Home & Student 2021,
ASUS Chromebook Intel Celeron Dual Core N4020 - (4 GB/32 GB EMMC Storage/Chrome OS) CX1101CMA_ID-GJ000...,"₹29,990",2.6,1 Reviews,Intel Celeron Dual Core Processor,4 GB LPDDR4 RAM,64 bit Chrome Operating System,,29.46 cm (11.6 Inch) Display,,1 Year onsite warranty
HP Intel Intel Core i5 11th Gen 1135G7 - (8 GB/512 GB SSD/Windows 10 Home) 14s- DQ2535TU Thin and Ligh...,"₹65,890",,,Intel Core i5 Processor (11th Gen),8 GB DDR4 RAM,64 bit Windows 10 Operating System,512 GB SSD,35.56 cm (14 inch) Display,,1 Year Onsite Warranty
Samsung Galaxy Book4 Metal Intel Core i3 13th Gen 1315U - (8 GB/512 GB SSD/Windows 11 Home) NP750XGJ-L...,"₹49,990",4.4,"1,276 Reviews",Intel Core i3 Processor (13th Gen),8 GB LPDDR4X RAM,64 bit Windows 11 Operating System,512 GB SSD,39.62 cm (15.6 Inch) Display,,1 Year Onsite Warranty
Apple Macbook Neo A18 Pro(2026) A18 Pro - (8 GB/512 GB SSD/Tahoe) MHFC4HN/A,"₹82,990",4.7,82 Reviews,Apple A18 Pro Processor,8 GB Unified Memory RAM,Mac OS Operating System,512 GB SSD,33.02 cm (13 inch) Display,,1 Year Limited Warranty
Colorful P15 Intel Core i7 13th Gen 13620H - (16 GB/512 GB SSD/Windows 11 Home/8 GB Graphics/NVIDIA Ge...,"₹1,19,999",4.2,24 Reviews,Intel Core i7 Processor (13th Gen),16 GB DDR5 RAM,64 bit Windows 11 Operating System,512 GB SSD,39.62 cm (15.6 Inch) Display,,2 Years Domestic Warranty and 1 Year Battery Domestic Warranty
Lenovo ThinkBook AMD Ryzen 5 Hexa Core 7530U - (16 GB/512 GB SSD/Windows 11 Home) ThinkBook 16 G6 Thin...,"₹69,500",4.3,45 Reviews,AMD Ryzen 5 Hexa Core Processor,16 GB DDR4 RAM,Windows 11 Operating System,512 GB SSD,40.64 cm (16 Inch) Display,,1 Year Onsite warranty
Apple Macbook Neo A18 Pro(2026) A18 Pro - (8 GB/256 GB SSD/Tahoe) MHFA4HN/A,"₹72,990",4.7,82 Reviews,Apple A18 Pro Processor,8 GB Unified Memory RAM,Mac OS Operating System,256 GB SSD,33.02 cm (13 inch) Display,,1 Year Limited Warranty
"ASUS Vivobook 14 (2025) with Office 2024 + M365 Basic*, Backlit Keyboard, Snapdragon X - (16 GB/512 GB...","₹58,990",4.4,78 Reviews,Snapdragon X Processor,16 GB LPDDR5X RAM,Windows 11 Home Operating System,512 GB SSD,35.56 cm (14 Inch) Display,"Microsoft Office Home 2024 (Lifetime Validity ) + Microsoft 365 Basic*(1-Year Validity), One-Month Membership of Adobe Creative Cloud All Apps",1 Year Onsite Warranty
HP 14R (2025) Intel Core i3 13th Gen 1315U - (16 GB/512 GB SSD/Windows 11 Home) 14R G9 Thin and Light ...,"₹58,990",4.2,10 Reviews,Intel Core i3 Processor (13th Gen),16 GB DDR4 RAM,64 bit Windows 11 Home Operating System,512 GB SSD,35.56 cm (14 Inch) Display,"Microsoft Office 2021, Windows 11 Home",1 Year Onsite Warranty
"ASUS Vivobook 15, Backlit Keyboard, Intel Core i3 13th Gen 1315U - (12 GB/512 GB SSD/Windows 11 Home) ...","₹52,990",,,Intel Core i3 Processor (13th Gen),12 GB DDR4 RAM,64 bit Windows 11 Operating System,512 GB SSD,39.62 cm (15.6 inch) Display,MS Office Home 2024,
HP AMD Ryzen 5 Hexa Core 5500U - (8 GB/512 GB SSD/Windows 11 Home) 15s- eq2223AU Thin and Light Laptop,"₹58,947",4.3,79 Reviews,AMD Ryzen 5 Hexa Core Processor,8 GB DDR4 RAM,64 bit Windows 11 Operating System,512 GB SSD,39.62 cm (15.6 Inch) Display,,1 Year Onsite Warranty
DELL Inspiron 14 Intel Core i5 13th Gen 1334U - (16 GB/512 GB SSD/Windows 11 Home) Inspiron 5440 Thin ...,"₹90,623",4.8,2 Reviews,Intel Core i5 Processor (13th Gen),16 GB DDR5 RAM,Windows 11 Home Operating System,512 GB SSD,35.56 cm (14 Inch) Display,Microsoft Office Home & Student 2021,
MOTOROLA Motobook 60 Pro Full Metal AI PC WUXGA OLED Intel Core Ultra 5 225H - (16 GB/512 GB SSD/Windo...,"₹72,990",4.5,113 Reviews,Intel Core Ultra 5 Processor,16 GB DDR5 RAM,64 bit Windows 11 Operating System,512 GB SSD,35.56 cm (14 inch) Display,,
Lenovo IdeaPad Slim 3 with 1Yr ADP Snapdragon X - (16 GB/1 TB SSD/Windows 11 Home) 15Q8X10 Thin and Li...,"₹66,990",4.2,5 Reviews,Snapdragon X Processor,16 GB LPDDR5X RAM,Windows 11 Home Operating System,1 TB SSD,38.86 cm (15.3 inch) Display,,
ASUS Intel Core i7 12th Gen 12700H - (16 GB/512 GB SSD/Windows 11 Home/4 GB Graphics/NVIDIA GeForce RT...,"₹95,000",,,Intel Core i7 Processor (12th Gen),16 GB DDR4 RAM,Windows 11 Operating System,512 GB SSD,39.62 cm (15.6 Inch) Touchscreen Display,,1 Year Onsite Warranty
DELL Inspiron Intel Core i5 12th Gen 1240P - (16 GB/512 GB SSD/Windows 11 Home) Inspiron 5420 Thin and...,"₹81,300",3.8,0 Reviews,Intel Core i5 Processor (12th Gen),16 GB DDR4 RAM,Windows 11 Operating System,512 GB SSD,35.56 cm (14 Inch) Display,,
"ASUS Vivobook 14 (2025) with Office 2024 + M365 Basic*, Backlit Keyboard, Snapdragon X - (16 GB/512 GB...","₹58,990",4.4,78 Reviews,Snapdragon X Processor,16 GB LPDDR5X RAM,Windows 11 Home Operating System,512 GB SSD,35.56 cm (14 Inch) Display,"Microsoft Office Home 2024 (Lifetime Validity ) + Microsoft 365 Basic*(1-Year Validity), One-Month Membership of Adobe Creative Cloud All Apps",1 Year Onsite Warranty
"Apple MacBook Air (M5, 2026) M5 - (16 GB/512 GB SSD/Tahoe) MDHA4HN/A","₹1,40,990",4.7,135 Reviews,Apple M5 Processor,16 GB Unified Memory RAM,Mac OS Operating System,512 GB SSD,34.54 cm (13.6 inch) Display,,1 Year Limited Warranty
HP Laptop Intel Core i3 12th Gen 1215U - (8 GB/256 GB SSD/Windows 11 Home) 15s-fy5010TU Thin and Light...,"₹53,990",,,Intel Core i3 Processor (12th Gen),8 GB DDR4 RAM,Windows 11 Home Operating System,256 GB SSD,39.62 cm (15.6 inch) Display,,1 Year Carry-in Warranty
Acer Nitro 5 Intel Core i7 12th Gen 12650H - (16 GB/1 TB SSD/Windows 11 Home/8 GB Graphics/NVIDIA GeFo...,"₹1,39,270",4.4,76 Reviews,Intel Core i7 Processor (12th Gen),16 GB DDR4 RAM,Windows 11 Operating System,1 TB SSD,39.62 cm (15.6 Inch) Display,,1 Year International Travelers Warranty (ITW)
ASUS Vivobook 15 (2025) with Office 2024 + M365 Basic* Intel Core i3 13th Gen - (16 GB/512 GB SSD/Wind...,"₹46,990",4.3,115 Reviews,Intel Core i3 Processor (13th Gen),16 GB DDR5 RAM,Windows 11 Home Operating System,512 GB SSD,39.62 cm (15.6 Inch) Display,Microsoft Office Home 2024 + Microsoft 365 Basic,1 Year Onsite Warranty
"ASUS Vivobook S14 (2025) with Office 2024 + M365 Basic*, Backlit Keyboard, Intel Core i7 13th Gen 1362...","₹81,898",4.5,31 Reviews,Intel Core i7 Processor (13th Gen),16 GB DDR5 RAM,Windows 11 Home Operating System,512 GB SSD,35.56 cm (14 Inch) Display,"Microsoft Office Home 2024 (Lifetime Validity ) + Microsoft 365 Basic*(1-Year Validity), One-Month Membership of Adobe Creative Cloud All Apps, McAfee 1 year",1 Year Onsite Warranty
Apple Macbook Neo A18 Pro(2026) A18 Pro - (8 GB/512 GB SSD/Tahoe) MHFE4HN/A,"₹82,990",4.7,82 Reviews,Apple A18 Pro Processor,8 GB Unified Memory RAM,Mac OS Operating System,512 GB SSD,33.02 cm (13 inch) Display,,1 Year Limited Warranty
Apple Macbook Neo A18 Pro(2026) A18 Pro - (8 GB/256 GB SSD/Tahoe) MHFH4HN/A,"₹72,990",4.7,82 Reviews,Apple A18 Pro Processor,8 GB Unified Memory RAM,Mac OS Operating System,256 GB SSD,33.02 cm (13 inch) Display,,1 Year Limited Warranty
HP 15 (2025) AMD Ryzen 3 Quad Core 7320U - (8 GB/512 GB SSD/Windows 11 Home) 15 Thin and Light Laptop,"₹51,990",4.3,3 Reviews,AMD Ryzen 3 Quad Core Processor,8 GB DDR4 RAM,64 bit Windows 11 Home Operating System,512 GB SSD,39.62 cm (15.6 Inch) Display,"Microsoft Office 2021, Windows 11 Home",1 Year Onsite Warranty
ASUS Vivobook Go 15 AMD Ryzen 5 Quad Core 7520U - (8 GB/512 GB SSD/Windows 11 Home) E1504FA-NJ133WS | ...,"₹58,900",,,AMD Ryzen 5 Quad Core Processor,8 GB LPDDR5 RAM,Windows 11 Home Operating System,512 GB SSD,39.62 cm (15.6 inch) Display,Microsoft Office Home 2024 + Microsoft 365 Basic,1 Year Onsite Warranty
Samsung Galaxy Book4 Metal Intel Core i3 13th Gen 1315U - (8 GB/512 GB SSD/Windows 11 Home) NP750XGJ-L...,"₹49,990",4.4,"1,276 Reviews",Intel Core i3 Processor (13th Gen),8 GB LPDDR4X RAM,64 bit Windows 11 Operating System,512 GB SSD,39.62 cm (15.6 Inch) Display,,1 Year Onsite Warranty
Apple Macbook Neo A18 Pro(2026) A18 Pro - (8 GB/512 GB SSD/Tahoe) MHFC4HN/A,"₹82,990",4.7,82 Reviews,Apple A18 Pro Processor,8 GB Unified Memory RAM,Mac OS Operating System,512 GB SSD,33.02 cm (13 inch) Display,,1 Year Limited Warranty
Lenovo V SERIES Intel Core i5 12th Gen 1235U - (8 GB/512 GB SSD/Windows 11 Home) V15 Thin and Light La...,"₹60,000",4.1,3 Reviews,Intel Core i5 Processor (12th Gen),8 GB DDR4 RAM,Windows 11 Operating System,512 GB SSD,40.64 cm (16 Inch) Display,,1 Year Onsite Warranty
ASUS ASUS VIVOBOOK GO 15 AMD Ryzen 5 Octa Core 7th Gen RYZEN 5 7520U - (16 GB/512 GB HDD/512 GB SSD/Wi...,"₹63,975",,,AMD Ryzen 5 Octa Core Processor (7th Gen),16 GB DDR5 RAM,64 bit Windows 11 Operating System,512 GB HDD|512 GB SSD,39.62 cm (15.6 inch) Display,"WINDOWS 11, MS OFFICE",
Lenovo IdeaPad Slim 3 Backlit Keyboard with MSO'2024 Intel Core i5 13th Gen 13420H - (16 GB/512 GB SSD...,"₹70,481",4.4,7 Reviews,Intel Core i5 Processor (13th Gen),16 GB DDR5 RAM,Windows 11 Home Operating System,512 GB SSD,38.86 cm (15.3 Inch) Display,,1 Year Onsite Warranty
HP 14s Intel Core i3 11th Gen 1115G4 - (8 GB/256 GB SSD/Windows 11 Home) 14s - dy2507TU Thin and Light...,"₹53,563",4.3,466 Reviews,Intel Core i3 Processor (11th Gen),8 GB DDR4 RAM,64 bit Windows 11 Operating System,256 GB SSD,35.56 cm (14 Inch) Display,,1 Year Onsite Warranty
Apple Macbook Neo A18 Pro(2026) A18 Pro - (8 GB/256 GB SSD/Tahoe) MHFA4HN/A,"₹72,990",4.7,82 Reviews,Apple A18 Pro Processor,8 GB Unified Memory RAM,Mac OS Operating System,256 GB SSD,33.02 cm (13 inch) Display,,1 Year Limited Warranty
"ASUS Vivobook 14 (2025) with Office 2024 + M365 Basic*, Backlit Keyboard, Snapdragon X - (16 GB/512 GB...","₹58,990",4.4,78 Reviews,Snapdragon X Processor,16 GB LPDDR5X RAM,Windows 11 Home Operating System,512 GB SSD,35.56 cm (14 Inch) Display,"Microsoft Office Home 2024 (Lifetime Validity ) + Microsoft 365 Basic*(1-Year Validity), One-Month Membership of Adobe Creative Cloud All Apps",1 Year Onsite Warranty
Lenovo THINKBOOK 16 AMD Ryzen 5 Hexa Core 7th Gen 7535HS - (8 GB/512 GB SSD/Windows 11 Home) 21MWA0AJI...,"₹69,999",4,1 Reviews,AMD Ryzen 5 Hexa Core Processor (7th Gen),8 GB LPDDR5 RAM,64 bit Windows 11 Home Operating System,512 GB SSD,40.64 cm (16 Inch) Display,,1 YEAR WARRANTY BY ONSITE
HP Omen Intel Core i7 13th Gen 13620H - (16 GB/1 TB SSD/Windows 11 Home/6 GB Graphics/NVIDIA GeForce R...,"₹1,28,990",4.5,6 Reviews,Intel Core i7 Processor (13th Gen),16 GB DDR5 RAM,64 bit Windows 11 Operating System,1 TB SSD,40.89 cm (16.1 Inch) Display,,1 Year Onsite Warranty
MOTOROLA Motobook 60 Pro Full Metal AI PC WUXGA OLED Intel Core Ultra 5 225H - (16 GB/512 GB SSD/Windo...,"₹72,990",4.5,113 Reviews,Intel Core Ultra 5 Processor,16 GB DDR5 RAM,64 bit Windows 11 Operating System,512 GB SSD,35.56 cm (14 inch) Display,,
"ASUS Vivobook 14 (2025) with Office 2024 + M365 Basic*, Backlit Keyboard, Snapdragon X - (16 GB/512 GB...","₹58,990",4.4,78 Reviews,Snapdragon X Processor,16 GB LPDDR5X RAM,Windows 11 Home Operating System,512 GB SSD,35.56 cm (14 Inch) Display,"Microsoft Office Home 2024 (Lifetime Validity ) + Microsoft 365 Basic*(1-Year Validity), One-Month Membership of Adobe Creative Cloud All Apps",1 Year Onsite Warranty
Acer Aspire Lite Intel Core i7 12th Gen 12650H - (16 GB/1 TB SSD/Windows 11 Home) AL15-52H Thin and Li...,"₹84,577",4.2,3 Reviews,Intel Core i7 Processor (12th Gen),16 GB LPDDR5 RAM,64 bit Windows 11 Home Operating System,1 TB SSD,39.62 cm (15.6 Inch) Display,,1 Year Warranty
HP 255 G8 Silver AMD Ryzen 5 Hexa Core 5500U - (8 GB/256 GB SSD/Windows 11 Home) 255 Business Laptop,"₹57,990",4.2,10 Reviews,AMD Ryzen 5 Hexa Core Processor,8 GB DDR4 RAM,32 bit Windows 11 Operating System,256 GB SSD,39.62 cm (15.6 Inch) Display,,1 year Domestic warranty
Lenovo IdeaPad Slim 3 AMD Ryzen 3 Quad Core 7320U - (8 GB/512 GB SSD/Windows 11 Home) 14AMN8 Thin and ...,"₹55,990",4.3,0 Reviews,AMD Ryzen 3 Quad Core Processor,8 GB LPDDR5 RAM,Windows 11 Operating System,512 GB SSD,35.56 cm (14 Inch) Display,,
HP Envy x360 AMD Ryzen 5 Hexa Core 7530U - (16 GB/512 GB SSD/Windows 11 Home) 15-fh0016AU Laptop,"₹99,004",4.9,1 Reviews,AMD Ryzen 5 Hexa Core Processor,16 GB LPDDR4X RAM,Windows 11 Operating System,512 GB SSD,39.62 cm (15.6 Inch) Touchscreen Display,,1 Year Onsite Warranty
"Apple MacBook Air (M5, 2026) M5 - (16 GB/512 GB SSD/Tahoe) MDHA4HN/A","₹1,40,990",4.7,135 Reviews,Apple M5 Processor,16 GB Unified Memory RAM,Mac OS Operating System,512 GB SSD,34.54 cm (13.6 inch) Display,,1 Year Limited Warranty
Apple Macbook Neo A18 Pro(2026) A18 Pro - (8 GB/512 GB SSD/Tahoe) MHFE4HN/A,"₹82,990",4.7,82 Reviews,Apple A18 Pro Processor,8 GB Unified Memory RAM,Mac OS Operating System,512 GB SSD,33.02 cm (13 inch) Display,,1 Year Limited Warranty
HP 250 G9 Intel Core i3 12th Gen 1215U - (8 GB/512 GB SSD/Windows 11 Home) 7M657PA Thin and Light Lapt...,"₹55,990",4.1,4 Reviews,Intel Core i3 Processor (12th Gen),8 GB DDR4 RAM,64 bit Windows 11 Operating System,512 GB SSD,39.62 cm (15.6 Inch) Display,,1 year Domestic warranty
Acer Swift Go 14 Office 2024 + M365 Basic AMD Ryzen 5 Hexa Core 7430U - (16 GB/512 GB SSD/Windows 11 H...,"₹69,999",4.4,112 Reviews,AMD Ryzen 5 Hexa Core Processor,16 GB LPDDR4X RAM,64 bit Windows 11 Operating System,512 GB SSD,35.56 cm (14 Inch) Display,,1 Year Carry-in Warranty
Apple Macbook Neo A18 Pro(2026) A18 Pro - (8 GB/256 GB SSD/Tahoe) MHFH4HN/A,"₹72,990",4.7,82 Reviews,Apple A18 Pro Processor,8 GB Unified Memory RAM,Mac OS Operating System,256 GB SSD,33.02 cm (13 inch) Display,,1 Year Limited Warranty
MOTOROLA Motobook 60 Pro Full Metal AI PC 2.8K OLED Intel Core Ultra 5 225H - (16 GB/512 GB SSD/Window...,"₹77,990",4.5,113 Reviews,Intel Core Ultra 5 Processor,16 GB DDR5 RAM,64 bit Windows 11 Operating System,512 GB SSD,35.56 cm (14 inch) Display,,1 Year Onsite Warranty
Lenovo IdeaPad Gaming 3 Intel Core i5 11th Gen 11300H - (8 GB/512 GB SSD/Windows 11 Home/4 GB Graphics...,"₹81,800",4.3,48 Reviews,Intel Core i5 Processor (11th Gen),8 GB DDR4 RAM,64 bit Windows 11 Operating System,512 GB SSD,39.62 cm (15.6 Inch) Display,,1 Year Onsite�Warranty�+ 1 Year Premium Care + 1 Year Accidental Damage Protection
HP 15 G10 (2025) AMD Ryzen 3 Quad Core 7320U - (8 GB/512 GB SSD/Windows 11 Home) 15 G10 Thin and Light...,"₹51,990",4,21 Reviews,AMD Ryzen 3 Quad Core Processor,8 GB DDR4 RAM,64 bit Windows 11 Home Operating System,512 GB SSD,39.62 cm (15.6 Inch) Display,"Microsoft Office 2021, Windows 11 Home",1 Year Onsite Warranty
Acer Nitro 5 Intel Core i5 12th Gen 12500H - (16 GB/512 GB SSD/Windows 11 Home/4 GB Graphics/NVIDIA Ge...,"₹88,999",4.4,17 Reviews,Intel Core i5 Processor (12th Gen),16 GB DDR4 RAM,64 bit Windows 11 Operating System,512 GB SSD,39.62 cm (15.6 Inch) Display,,1 Year International Travelers Warranty (ITW)
HP 255 G10 Backlit + FingerPrint (2025) AMD Ryzen 5 Quad Core 7520U - (16 GB/512 GB SSD/Windows 11 Pro...,"₹69,250",4.3,0 Reviews,AMD Ryzen 5 Quad Core Processor,16 GB LPDDR5 RAM,64 bit Windows 11 Operating System,512 GB SSD,39.62 cm (15.6 Inch) Display,"Microsoft Office 2021, Windows 11 Pro",1 Year Onsite Warranty
Samsung Galaxy Book4 Metal Intel Core i3 13th Gen 1315U - (8 GB/512 GB SSD/Windows 11 Home) NP750XGJ-L...,"₹49,990",4.4,"1,276 Reviews",Intel Core i3 Processor (13th Gen),8 GB LPDDR4X RAM,64 bit Windows 11 Operating System,512 GB SSD,39.62 cm (15.6 Inch) Display,,1 Year Onsite Warranty
Apple Macbook Neo A18 Pro(2026) A18 Pro - (8 GB/512 GB SSD/Tahoe) MHFC4HN/A,"₹82,990",4.7,82 Reviews,Apple A18 Pro Processor,8 GB Unified Memory RAM,Mac OS Operating System,512 GB SSD,33.02 cm (13 inch) Display,,1 Year Limited Warranty
Lenovo IdeaPad 3 Chromebook Intel Celeron Dual Core N4020 - (4 GB/64 GB EMMC Storage/Chrome OS) ideapa...,"₹22,705",3.5,237 Reviews,Intel Celeron Dual Core Processor,4 GB LPDDR4 RAM,Chrome Operating System,,29.46 cm (11.6 Inch) Display,,1Yr Warranty and 1 Yr Accidental Damage Protection
Samsung Galaxy Book5 Pro Next Gen AI PC Full Metal Chasis Intel Core Ultra 7 256V - (16 GB/512 GB SSD/...,"₹1,49,999",4.9,3 Reviews,Intel Core Ultra 7 Processor,16 GB LPDDR5X RAM,Windows 11 Operating System,512 GB SSD,35.56 cm (14 Inch) Touchscreen Display,,1 Year Onsite Warranty
Apple Macbook Neo A18 Pro(2026) A18 Pro - (8 GB/256 GB SSD/Tahoe) MHFA4HN/A,"₹72,990",4.7,82 Reviews,Apple A18 Pro Processor,8 GB Unified Memory RAM,Mac OS Operating System,256 GB SSD,33.02 cm (13 inch) Display,,1 Year Limited Warranty
"ASUS Vivobook 14 (2025) with Office 2024 + M365 Basic*, Backlit Keyboard, Snapdragon X - (16 GB/512 GB...","₹58,990",4.4,78 Reviews,Snapdragon X Processor,16 GB LPDDR5X RAM,Windows 11 Home Operating System,512 GB SSD,35.56 cm (14 Inch) Display,"Microsoft Office Home 2024 (Lifetime Validity ) + Microsoft 365 Basic*(1-Year Validity), One-Month Membership of Adobe Creative Cloud All Apps",1 Year Onsite Warranty
Lenovo ThinkBook AMD Ryzen 5 Hexa Core 7530U - (16 GB/512 GB SSD/Windows 11 Home) ThinkBook 16 G6 Thin...,"₹69,500",4.3,45 Reviews,AMD Ryzen 5 Hexa Core Processor,16 GB DDR4 RAM,Windows 11 Operating System,512 GB SSD,40.64 cm (16 Inch) Display,,1 Year Onsite warranty
Acer Swift Neo Office 2024 + M365 Basic Intel Core Ultra 5 115U - (16 GB/512 GB SSD/Windows 11 Home) S...,"₹75,379",4.2,208 Reviews,Intel Core Ultra 5 Processor,16 GB LPDDR5 RAM,64 bit Windows 11 Home Operating System,512 GB SSD,35.56 cm (14 Inch) Display,,1 Year Warranty
Acer Aspire Intel Core i5 12th Gen - (12 GB/512 GB SSD/Windows 11 Home) AL15-52H Thin and Light Laptop,"₹61,990",,,Intel Core i5 Processor (12th Gen),12 GB LPDDR5 RAM,Windows 11 Home Operating System,512 GB SSD,39.62 cm (15.6 inch) Display,,1 Year Carry-in Warranty
HP 245 G9 Silver AMD Ryzen 5 Hexa Core 5625U - (8 GB/512 GB SSD/Windows 11 Home) 245 G9 Laptop,"₹55,353",3.7,10 Reviews,AMD Ryzen 5 Hexa Core Processor,8 GB DDR4 RAM,64 bit Windows 11 Operating System,512 GB SSD,35.81 cm (14.1 Inch) Display,,1 year onsite warranty
MOTOROLA Motobook 60 Pro Full Metal AI PC WUXGA OLED Intel Core Ultra 5 225H - (16 GB/512 GB SSD/Windo...,"₹72,990",4.5,113 Reviews,Intel Core Ultra 5 Processor,16 GB DDR5 RAM,64 bit Windows 11 Operating System,512 GB SSD,35.56 cm (14 inch) Display,,
"ASUS Vivobook 14 (2025) with Office 2024 + M365 Basic*, Backlit Keyboard, Snapdragon X - (16 GB/512 GB...","₹58,990",4.4,78 Reviews,Snapdragon X Processor,16 GB LPDDR5X RAM,Windows 11 Home Operating System,512 GB SSD,35.56 cm (14 Inch) Display,"Microsoft Office Home 2024 (Lifetime Validity ) + Microsoft 365 Basic*(1-Year Validity), One-Month Membership of Adobe Creative Cloud All Apps",1 Year Onsite Warranty
"ASUS Zenbook A14 OLED (2025), MSO 2024 + M365 Basic, Metal Body, Backlit Keyboard, Intel X - (16 GB/51...","₹85,490",3.7,0 Reviews,Intel X Processor,16 GB LPDDR5 RAM,64 bit Windows 11 Home Operating System,512 GB SSD,35.56 cm (14 inch) Display,"Microsoft Office Home 2024 (Lifetime Validity ) + Microsoft 365 Basic*(1-Year Validity), McAfee 1 year",Year Onsite Warranty
Acer Aspire 5 Gaming Intel Core i5 13th Gen 1335U - (16 GB/512 GB SSD/Windows 11 Home/4 GB Graphics/NV...,"₹89,999",4.2,22 Reviews,Intel Core i5 Processor (13th Gen),16 GB DDR4 RAM,64 bit Windows 11 Operating System,512 GB SSD,39.62 cm (15.6 Inch) Display,,1 Year Onsite Warranty
"Apple MacBook Air (M5, 2026) M5 - (16 GB/512 GB SSD/Tahoe) MDHA4HN/A","₹1,40,990",4.7,135 Reviews,Apple M5 Processor,16 GB Unified Memory RAM,Mac OS Operating System,512 GB SSD,34.54 cm (13.6 inch) Display,,1 Year Limited Warranty
Apple Macbook Neo A18 Pro(2026) A18 Pro - (8 GB/512 GB SSD/Tahoe) MHFE4HN/A,"₹82,990",4.7,82 Reviews,Apple A18 Pro Processor,8 GB Unified Memory RAM,Mac OS Operating System,512 GB SSD,33.02 cm (13 inch) Display,,1 Year Limited Warranty
Acer Aspire Go 14 Intel Core Ultra 5 125H - (16 GB/512 GB SSD/Windows 11 Home) AG14-71M Thin and Light...,"₹70,523",4.2,6 Reviews,Intel Core Ultra 5 Processor,16 GB DDR5 RAM,64 bit Windows 11 Home Operating System,512 GB SSD,35.56 cm (14 Inch) Display,,1 Year Warranty
HP 15s Intel Core i3 11th Gen 1115G4 - (8 GB/512 GB SSD/Windows 10 Home) 15s-FQ2072TU Thin and Light L...,"₹53,890",4.3,69 Reviews,Intel Core i3 Processor (11th Gen),8 GB DDR4 RAM,64 bit Windows 10 Operating System,512 GB SSD,39.62 cm (15.6 Inch) Display,"Microsoft Office Home and Student 2019, HP Documentation, HP CoolSense, HP SSRM, HP Smart, HP Support Assistant",1 Year Onsite Warranty
Infinix Y3 Max Series Intel Core i7 12th Gen 1255U - (16 GB/512 GB SSD/Windows 11 Home) YL613 Thin and...,"₹84,990",4.1,8 Reviews,Intel Core i7 Processor (12th Gen),16 GB LPDDR4X RAM,Windows 11 Operating System,512 GB SSD,40.64 cm (16 Inch) Display,,1 Year Onsite Warranty
Lenovo Chromebook Intel Celeron Dual Core N4020 - (4 GB/64 GB EMMC Storage/Chrome OS) 14IGL05 Chromebo...,"₹37,690",3.8,51 Reviews,Intel Celeron Dual Core Processor,4 GB LPDDR4 RAM,64 bit Chrome Operating System,,35.56 cm (14 Inch) Touchscreen Display,,1 Year Onsite Warranty
Samsung Galaxy Book4 Metal Intel Core i3 13th Gen 1315U - (8 GB/512 GB SSD/Windows 11 Home) NP750XGJ-L...,"₹49,990",4.4,"1,276 Reviews",Intel Core i3 Processor (13th Gen),8 GB LPDDR4X RAM,64 bit Windows 11 Operating System,512 GB SSD,39.62 cm (15.6 Inch) Display,,1 Year Onsite Warranty
Apple Macbook Neo A18 Pro(2026) A18 Pro - (8 GB/512 GB SSD/Tahoe) MHFC4HN/A,"₹82,990",4.7,82 Reviews,Apple A18 Pro Processor,8 GB Unified Memory RAM,Mac OS Operating System,512 GB SSD,33.02 cm (13 inch) Display,,1 Year Limited Warranty
ASUS ExpertBook P1 (i7 14th Gen) with 1 Yr ADP Intel Core 7 240H - (32 GB/512 GB SSD/Windows 11 Home) ...,"₹1,20,990",4.4,19 Reviews,Intel Core 7 Processor,32 GB DDR5 RAM,64 bit Windows 11 Home Operating System,512 GB SSD,39.62 cm (15.6 Inch) Display,,1 Year Limited Warranty
ZEBRONICS Pro Series Z Intel Core i5 12th Gen 1235U - (16 GB/512 GB SSD/Windows 11 Home) ZEB-NBC 4S Th...,"₹60,999",4,147 Reviews,Intel Core i5 Processor (12th Gen),16 GB DDR4 RAM,Windows 11 Operating System,512 GB SSD,39.62 cm (15.6 Inch) Display,,1 Year Carry-in Warranty
Apple Macbook Neo A18 Pro(2026) A18 Pro - (8 GB/256 GB SSD/Tahoe) MHFA4HN/A,"₹72,990",4.7,82 Reviews,Apple A18 Pro Processor,8 GB Unified Memory RAM,Mac OS Operating System,256 GB SSD,33.02 cm (13 inch) Display,,1 Year Limited Warranty
"ASUS Vivobook 14 (2025) with Office 2024 + M365 Basic*, Backlit Keyboard, Snapdragon X - (16 GB/512 GB...","₹58,990",4.4,78 Reviews,Snapdragon X Processor,16 GB LPDDR5X RAM,Windows 11 Home Operating System,512 GB SSD,35.56 cm (14 Inch) Display,"Microsoft Office Home 2024 (Lifetime Validity ) + Microsoft 365 Basic*(1-Year Validity), One-Month Membership of Adobe Creative Cloud All Apps",1 Year Onsite Warranty
HP AMD Ryzen 3 Quad Core - (8 GB/512 GB SSD/Windows 11 Home) 15-fc0025AU Thin and Light Laptop,"₹55,353",,,AMD Ryzen 3 Quad Core Processor,8 GB DDR4 RAM,Windows 11 Home Operating System,512 GB SSD,39.62 cm (15.6 inch) Display,,
Lenovo IdeaPad 1 MSO'2024 AMD Ryzen 5 Hexa Core 5625U AMD Ryzen 5 Hexa Core 5625U - (16 GB/512 GB SSD/...,"₹59,900",4.3,71 Reviews,AMD Ryzen 5 Hexa Core Processor,16 GB DDR4 RAM,Windows 11 Operating System,512 GB SSD,39.62 cm (15.6 Inch) Display,,1 Year Onsite Warranty
HP 255 G10 Backlit + FingerPrint (2025) AMD Ryzen 5 Quad Core 7520U - (16 GB/512 GB SSD/Windows 11 Pro...,"₹69,250",4.3,0 Reviews,AMD Ryzen 5 Quad Core Processor,16 GB LPDDR5 RAM,64 bit Windows 11 Operating System,512 GB SSD,39.62 cm (15.6 Inch) Display,"Microsoft Office 2021, Windows 11 Pro",1 Year Onsite Warranty
"ASUS Vivobook 15 (2025) with Office 2024 + M365 Basic*, Backlit Keyboard, Intel Core i3 13th Gen 1315U...","₹48,990",4.3,217 Reviews,Intel Core i3 Processor (13th Gen),16 GB DDR4 RAM,Windows 11 Home Operating System,512 GB SSD,39.62 cm (15.6 Inch) Display,"Microsoft Office Home 2024 (Lifetime Validity ) + Microsoft 365 Basic*(1-Year Validity), One-Month Membership of Adobe Creative Cloud All Apps, McAfee 1 year",1 Year Onsite Warranty
MOTOROLA Motobook 60 Pro Full Metal AI PC WUXGA OLED Intel Core Ultra 5 225H - (16 GB/512 GB SSD/Windo...,"₹72,990",4.5,113 Reviews,Intel Core Ultra 5 Processor,16 GB DDR5 RAM,64 bit Windows 11 Operating System,512 GB SSD,35.56 cm (14 inch) Display,,
Lenovo IdeaPad Slim 3 with 1Yr ADP Snapdragon X - (16 GB/1 TB SSD/Windows 11 Home) 15Q8X10 Thin and Li...,"₹66,990",4.2,5 Reviews,Snapdragon X Processor,16 GB LPDDR5X RAM,Windows 11 Home Operating System,1 TB SSD,38.86 cm (15.3 inch) Display,,
Lenovo Ideapad Slim 3 Intel Intel Core i3 10th Gen 1005G1 - (8 GB/512 GB SSD/Windows 11 Home) 81WE01QL...,"₹35,997",4.3,28 Reviews,Intel Core i3 Processor (10th Gen),8 GB DDR4 RAM,64 bit Windows 10 Operating System,512 GB SSD,39.62 cm (15.6 Inch) Display,Microsoft Office Home & Student 2021,2 Years Onsite�Warranty
MSI Prestige 14 Evo AI PC Intel Core Ultra 7 1st Gen 155H - (16 GB/1 TB SSD/Windows 11 Home) Prestige ...,"₹1,10,990",3.6,1 Reviews,Intel Core Ultra 7 Processor (1st Gen),16 GB DDR5 RAM,Windows 11 Operating System,1 TB SSD,35.56 cm (14 Inch) Display,,2 Year Warranty Term
"ASUS Vivobook 14 (2025) with Office 2024 + M365 Basic*, Backlit Keyboard, Snapdragon X - (16 GB/512 GB...","₹58,990",4.4,78 Reviews,Snapdragon X Processor,16 GB LPDDR5X RAM,Windows 11 Home Operating System,512 GB SSD,35.56 cm (14 Inch) Display,"Microsoft Office Home 2024 (Lifetime Validity ) + Microsoft 365 Basic*(1-Year Validity), One-Month Membership of Adobe Creative Cloud All Apps",1 Year Onsite Warranty
"Apple MacBook Air (M5, 2026) M5 - (16 GB/512 GB SSD/Tahoe) MDHA4HN/A","₹1,40,990",4.7,135 Reviews,Apple M5 Processor,16 GB Unified Memory RAM,Mac OS Operating System,512 GB SSD,34.54 cm (13.6 inch) Display,,1 Year Limited Warranty
Lenovo Yoga Slim 7 with 1Yr ADP Intel Core i7 13th Gen 1360P - (16 GB/1 TB SSD/Windows 11 Home) 13IRP8...,"₹1,74,890",,,Intel Core i7 Processor (13th Gen),16 GB LPDDR5 RAM,Windows 11 Operating System,1 TB SSD,33.78 cm (13.3 Inch) Touchscreen Display,,1 Year Carry-in Warranty
HP AI PC Intel Core Ultra 5 125H - (16 GB/512 GB SSD/Windows 11 Home) 15-fd1099TU Thin and Light Lapto...,"₹79,159",3.1,2 Reviews,Intel Core Ultra 5 Processor,16 GB DDR5 RAM,Windows 11 Operating System,512 GB SSD,39.62 cm (15.6 Inch) Display,,1 Year Onsite warranty
Lenovo IdeaPad Gaming 3 AMD Ryzen 5 Hexa Core 5600H - (8 GB/512 GB SSD/Windows 11 Home/4 GB Graphics/N...,"₹73,990",4.4,81 Reviews,AMD Ryzen 5 Hexa Core Processor,8 GB DDR4 RAM,64 bit Windows 11 Operating System,512 GB SSD,39.62 cm (15.6 Inch) Display,,1 Year Onsite�Warranty�+ 1 Year Premium Care + 1 Year Accidental Damage Protection
Avita PURA E 14 AMD Ryzen 5 Quad Core 3rd Gen - (8 GB/512 GB SSD/Windows 11 Home) NS14A6INV561-SGC Thi...,"₹51,490",3.1,28 Reviews,AMD Ryzen 5 Quad Core Processor (3rd Gen),8 GB DDR4 RAM,Windows 11 Operating System,512 GB SSD,35.81 cm (14.1 Inch) Display,,1 Year Domestic Warranty
Apple Macbook Neo A18 Pro(2026) A18 Pro - (8 GB/512 GB SSD/Tahoe) MHFE4HN/A,"₹82,990",4.7,82 Reviews,Apple A18 Pro Processor,8 GB Unified Memory RAM,Mac OS Operating System,512 GB SSD,33.02 cm (13 inch) Display,,1 Year Limited Warranty
Apple Macbook Neo A18 Pro(2026) A18 Pro - (8 GB/256 GB SSD/Tahoe) MHFH4HN/A,"₹72,990",4.7,82 Reviews,Apple A18 Pro Processor,8 GB Unified Memory RAM,Mac OS Operating System,256 GB SSD,33.02 cm (13 inch) Display,,1 Year Limited Warranty
MSI Creator Z17 HX Studio Intel Core i7 14th Gen 14700HX - (32 GB/2 TB SSD/Windows 11 Pro/8 GB Graphic...,"₹3,04,990",,,Intel Core i7 Processor (14th Gen),32 GB DDR5 RAM,Windows 11 Operating System,2 TB SSD,43.18 cm (17 Inch) Touchscreen Display,,2 Year Onsite Warranty
Lenovo Intel Core i3 10th Gen 10110U - (8 GB/1 TB HDD/Windows 11 Home) 81WB018UIN | 81WB01E7IN Thin an...,"₹34,939",3.7,52 Reviews,Intel Core i3 Processor (10th Gen),8 GB DDR4 RAM,64 bit Windows 11 Operating System,1 TB HDD,39.62 cm (15.6 Inch) Display,,2 Years Warranty
Samsung Galaxy Book4 Metal Intel Core i3 13th Gen 1315U - (8 GB/512 GB SSD/Windows 11 Home) NP750XGJ-L...,"₹49,990",4.4,"1,276 Reviews",Intel Core i3 Processor (13th Gen),8 GB LPDDR4X RAM,64 bit Windows 11 Operating System,512 GB SSD,39.62 cm (15.6 Inch) Display,,1 Year Onsite Warranty
Apple Macbook Neo A18 Pro(2026) A18 Pro - (8 GB/512 GB SSD/Tahoe) MHFC4HN/A,"₹82,990",4.7,82 Reviews,Apple A18 Pro Processor,8 GB Unified Memory RAM,Mac OS Operating System,512 GB SSD,33.02 cm (13 inch) Display,,1 Year Limited Warranty
Acer Aspire 7 Intel Core i5 12th Gen 1240P - (8 GB/512 GB SSD/Windows 11 Home/4 GB Graphics/NVIDIA GeF...,"₹88,999",4.2,57 Reviews,Intel Core i5 Processor (12th Gen),8 GB DDR4 RAM,64 bit Windows 11 Operating System,512 GB SSD,39.62 cm (15.6 Inch) Display,,1 Year International Travelers Warranty (ITW)
WarnerCann Hi5 pro Intel Core i5 12th Gen - (8 GB/256 GB SSD/Windows 11 Pro) Hi5 Pro Business Laptop B...,"₹32,078",2.5,1 Reviews,Intel Core i5 Processor (12th Gen),8 GB DDR4 RAM,Windows 11 Operating System,256 GB SSD,35.56 cm (14 Inch) Display,,
ASUS Vivobook Go 14 (2025) with Office 2024 + M365 Basic* AMD Ryzen 3 Quad Core 7320U - (8 GB/512 GB S...,"₹53,990",4.2,307 Reviews,AMD Ryzen 3 Quad Core Processor,8 GB LPDDR5 RAM,Windows 11 Home Operating System,512 GB SSD,35.56 cm (14 Inch) Display,"Microsoft Office Home 2024 (Lifetime Validity ) + Microsoft 365 Basic*(1-Year Validity), McAfee 1 year",1 Year Onsite Warranty
Acer Swift X Intel Core i5 11th Gen 11320H - (16 GB/512 GB SSD/Windows 11 Home/4 GB Graphics) SFX16-51...,"₹1,09,999",,,Intel Core i5 Processor (11th Gen),16 GB LPDDR4X RAM,64 bit Windows 11 Operating System,512 GB SSD,40.89 cm (16.1 Inch) Display,,1 Year International Travelers Warranty (ITW)
Apple Macbook Neo A18 Pro(2026) A18 Pro - (8 GB/256 GB SSD/Tahoe) MHFA4HN/A,"₹72,990",4.7,82 Reviews,Apple A18 Pro Processor,8 GB Unified Memory RAM,Mac OS Operating System,256 GB SSD,33.02 cm (13 inch) Display,,1 Year Limited Warranty
"ASUS Vivobook 14 (2025) with Office 2024 + M365 Basic*, Backlit Keyboard, Snapdragon X - (16 GB/512 GB...","₹58,990",4.4,78 Reviews,Snapdragon X Processor,16 GB LPDDR5X RAM,Windows 11 Home Operating System,512 GB SSD,35.56 cm (14 Inch) Display,"Microsoft Office Home 2024 (Lifetime Validity ) + Microsoft 365 Basic*(1-Year Validity), One-Month Membership of Adobe Creative Cloud All Apps",1 Year Onsite Warranty
DELL G15 Intel Core i5 12th Gen 12500H - (16 GB/512 GB SSD/Windows 11 Home/4 GB Graphics/NVIDIA GeForc...,"₹95,200",4.1,35 Reviews,Intel Core i5 Processor (12th Gen),16 GB DDR5 RAM,64 bit Windows 11 Operating System,512 GB SSD,37.85 cm (14.9 Inch) Display,,
HP Pavilion AMD Ryzen 5 Hexa Core 5500U - (8 GB/512 GB SSD/Windows 10 Home) 14-ec0035AU Thin and Light...,"₹64,990",4.4,76 Reviews,AMD Ryzen 5 Hexa Core Processor,8 GB DDR4 RAM,64 bit Windows 10 Operating System,512 GB SSD,35.56 cm (14 Inch) Display,"Microsoft Office Home & Student 2019, HP Documentation, Dropbox, AlexaHP Support Assistant",1 Year Onsite Warranty
MOTOROLA Motobook 60 Pro Full Metal AI PC WUXGA OLED Intel Core Ultra 5 225H - (16 GB/512 GB SSD/Windo...,"₹72,990",4.5,113 Reviews,Intel Core Ultra 5 Processor,16 GB DDR5 RAM,64 bit Windows 11 Operating System,512 GB SSD,35.56 cm (14 inch) Display,,
"ASUS Vivobook 14 (2025) with Office 2024 + M365 Basic*, Backlit Keyboard, Snapdragon X - (16 GB/512 GB...","₹58,990",4.4,78 Reviews,Snapdragon X Processor,16 GB LPDDR5X RAM,Windows 11 Home Operating System,512 GB SSD,35.56 cm (14 Inch) Display,"Microsoft Office Home 2024 (Lifetime Validity ) + Microsoft 365 Basic*(1-Year Validity), One-Month Membership of Adobe Creative Cloud All Apps",1 Year Onsite Warranty
ZEBRONICS Thin and Light Laptop Intel Core i7 12th Gen 1255U - (16 GB/512 GB SSD/Windows 11 Home) ZEB-...,"₹78,999",4,45 Reviews,Intel Core i7 Processor (12th Gen),16 GB DDR4 RAM,Windows 11 Operating System,512 GB SSD,39.62 cm (15.6 Inch) Display,,1 Year Carry-in Warranty
Acer Aspire 7 Intel Core i5 12th Gen 1240P - (8 GB/512 GB SSD/Windows 11 Home/4 GB Graphics/NVIDIA GeF...,"₹89,999",4.3,361 Reviews,Intel Core i5 Processor (12th Gen),8 GB DDR4 RAM,64 bit Windows 11 Operating System,512 GB SSD,39.62 cm (15.6 Inch) Display,,1 Year International Travelers Warranty (ITW)
DELL DC 15250(i3 14th Gen) Intel Core 3 14th Gen 100U - (8 GB/512 GB SSD/Windows 11 Home/8 GB Graphics...,"₹57,485",,,Intel Core 3 Processor (14th Gen),8 GB DDR4 RAM,Windows 11 Home Operating System,512 GB SSD,39.62 cm (15.6 inch) Display,,
ASUS ExpertBook B15 Intel Core i3 12th Gen 1215U - (8 GB/512 GB SSD/Windows 11 Home) B1502CBA-NJ1090WS...,"₹62,899",4.3,49 Reviews,Intel Core i3 Processor (12th Gen),8 GB DDR4 RAM,Windows 11 Operating System,512 GB SSD,39.62 cm (15.6 Inch) Display,,1 Year Onsite Warranty
"Apple MacBook Air (M5, 2026) M5 - (16 GB/512 GB SSD/Tahoe) MDHA4HN/A","₹1,40,990",4.7,135 Reviews,Apple M5 Processor,16 GB Unified Memory RAM,Mac OS Operating System,512 GB SSD,34.54 cm (13.6 inch) Display,,1 Year Limited Warranty
Apple Macbook Neo A18 Pro(2026) A18 Pro - (8 GB/512 GB SSD/Tahoe) MHFE4HN/A,"₹82,990",4.7,82 Reviews,Apple A18 Pro Processor,8 GB Unified Memory RAM,Mac OS Operating System,512 GB SSD,33.02 cm (13 inch) Display,,1 Year Limited Warranty
HP 15s Intel Core i5 13th Gen 1334U - (16 GB/512 GB SSD/Windows 11 Home) 15-fd0013TU Thin and Light La...,"₹69,381",4.2,35 Reviews,Intel Core i5 Processor (13th Gen),16 GB DDR4 RAM,64 bit Windows 11 Operating System,512 GB SSD,39.62 cm (15.6 Inch) Display,,1 Year Onsite Warranty
Lenovo V14 Intel Core i5 12th Gen - (8 GB/512 GB SSD/Windows 11 Home) V14 Business Laptop,"₹61,990",4.1,0 Reviews,Intel Core i5 Processor (12th Gen),8 GB DDR4 RAM,64 bit Windows 11 Operating System,512 GB SSD,35.56 cm (14 Inch) Display,,
Apple Macbook Neo A18 Pro(2026) A18 Pro - (8 GB/256 GB SSD/Tahoe) MHFH4HN/A,"₹72,990",4.7,82 Reviews,Apple A18 Pro Processor,8 GB Unified Memory RAM,Mac OS Operating System,256 GB SSD,33.02 cm (13 inch) Display,,1 Year Limited Warranty
MOTOROLA Motobook 60 Pro Full Metal AI PC 2.8K OLED Intel Core Ultra 5 225H - (16 GB/512 GB SSD/Window...,"₹77,990",4.5,113 Reviews,Intel Core Ultra 5 Processor,16 GB DDR5 RAM,64 bit Windows 11 Operating System,512 GB SSD,35.56 cm (14 inch) Display,,1 Year Onsite Warranty
HP MS Office 2024 Intel Core i5 13th Gen 1334U - (8 GB/512 GB SSD/Windows 11 Home) fd0466TU Thin and L...,"₹72,990",4.4,23 Reviews,Intel Core i5 Processor (13th Gen),8 GB DDR4 RAM,Windows 11 Home Operating System,512 GB SSD,39.62 cm (15.6 Inch) Display,Microsoft Office H&S Edition 2024,1 Year Carry-in Warranty
Samsung Galaxy Book3 Pro EVO AMOLED Intel Core i7 13th Gen 1360P - (16 GB/1 TB SSD/Windows 11 Home) NP...,"₹1,72,214",4.6,4 Reviews,Intel Core i7 Processor (13th Gen),16 GB DDR5 RAM,Windows 11 Operating System,1 TB SSD,35.56 cm (14 Inch) Display,,1 Year Onsite Warranty
